x_pixel,y_pixel,ra_deg,dec_deg,dx_arcsec,dy_arcsec,radius_from_center_arcsec,inside_nominal_aperture,pabeta_flux,pagamma_flux,ratio,best_av,best_te,best_ne,best_intrinsic_ratio,grid_residual,chaos_1sigma,chaos_2sigma,chaos_3sigma
60,44,202.4821667745444,47.19579247685815,-0.2000000029802321,-0.4000000059604642,0.4472136021639595,True,82.17978731059705,33.0653076171875,2.4853779756725936,2.1011928467971526,7500.0,100000000000000.0,2.13395639,0.1360099504056449,False,False,False
61,44,202.48212589452217,47.19579247687996,-0.100000001490116,-0.4000000059604642,0.4123105687056719,True,46.83770593538271,23.83159637451172,1.9653616652167036,2.2282296932558356,10000.0,1000000000000.0,1.67198642,0.008973103946961825,True,True,True
62,44,202.4820850145,47.19579247688724,0.0,-0.4000000059604642,0.4000000059604642,True,27.34843918415126,10.154544830322266,2.693221571338843,2.7441283234340634,5000.0,10000000000000.0,2.20702268,0.506925526231266,False,False,False
63,44,202.48204413447783,47.19579247687996,0.100000001490116,-0.4000000059604642,0.4123105687056719,True,19.979347796780885,13.823736190795898,1.4452929020797942,1.6106042843815966,5000.0,100000000000.0,1.28589947,0.6265985128212008,False,False,False
64,44,202.48200325445563,47.19579247685815,0.2000000029802321,-0.4000000059604642,0.4472136021639595,True,11.608899646041047,11.808469772338867,0.9830994082937563,-3.700810639761526,5000.0,100000000000.0,1.28589947,5.938013436964324,False,False,False
59,45,202.48220765463077,47.1958202546,-0.3000000044703481,-0.3000000044703481,0.4242640750339554,True,103.44471503019744,50.566307067871094,2.045724139818079,2.2373160042305718,30000.0,1000000.0,1.73920603,0.00011320702777428693,True,True,True
60,45,202.4821667745872,47.19582025463634,-0.2000000029802321,-0.3000000044703481,0.3605551329190887,True,61.58266293129414,30.020158767700195,2.0513769899695937,2.2373734879195157,30000.0,100.0,1.74400462,0.0001706907167182692,True,True,True
61,45,202.4821258945436,47.19582025465815,-0.100000001490116,-0.3000000044703481,0.3162277707289986,True,36.81789819189634,18.967077255249023,1.9411476895686293,2.216774749997097,20000.0,10000000000.0,1.65275995,0.020428047205700572,True,True,True
62,45,202.4820850145,47.19582025466543,0.0,-0.3000000044703481,0.3000000044703481,True,21.153595128979415,8.844005584716797,2.3918568262252853,2.2557885746349187,7500.0,10000000000000.0,2.03075292,0.018585777432121198,True,True,True
63,45,202.48204413445643,47.19582025465815,0.100000001490116,-0.3000000044703481,0.3162277707289986,True,17.301200659788684,13.555927276611328,1.2762830831675565,-0.10346198939518733,5000.0,100000000000.0,1.28589947,2.340664786597985,False,False,False
64,45,202.48200325441283,47.19582025463634,0.2000000029802321,-0.3000000044703481,0.3605551329190887,True,10.290346688960915,6.567715167999268,1.566807698832603,1.9124145163848556,7500.0,100000000000.0,1.36381997,0.32478828081794187,False,False,False
65,45,202.4819623743693,47.1958202546,0.3000000044703481,-0.3000000044703481,0.4242640750339554,True,6.437031519401351,4.487409591674805,1.4344648929180772,1.5069537301002982,5000.0,100000000000.0,1.28589947,0.7302490671024993,False,False,False
58,46,202.48224853475992,47.19584803232728,-0.4000000059604642,-0.2000000029802321,0.4472136021639595,True,87.59878798315634,38.19693374633789,2.293346072354691,2.293185957608514,12500.0,100000000000000.0,1.94183865,0.0559831604057166,False,True,True
59,46,202.48220765469492,47.195848032378194,-0.3000000044703481,-0.2000000029802321,0.3605551329190887,True,65.34205563558486,27.862783432006836,2.345137405063574,2.105425010426094,10000.0,100000000000000.0,2.01292705,0.13177778677670338,False,False,False
60,46,202.48216677463,47.19584803241453,-0.2000000029802321,-0.2000000029802321,0.2828427166893036,True,36.520206709732015,20.961196899414062,1.742276783381243,2.18372482421894,5000.0,10000000000.0,1.48699575,0.05347797298385748,False,True,True
61,46,202.48212589456497,47.195848032436345,-0.100000001490116,-0.2000000029802321,0.2236068010819797,True,23.990516680270282,11.48332691192627,2.0891608210991874,2.231124464239544,15000.0,1000.0,1.77693248,0.006078332963253441,True,True,True
62,46,202.4820850145,47.195848032443614,0.0,-0.2000000029802321,0.2000000029802321,True,15.281756325711966,7.207472324371338,2.1202656962050694,2.2337600842479493,10000.0,1000.0,1.80304387,0.003442712954848215,True,True,True
63,46,202.48204413443503,47.195848032436345,0.100000001490116,-0.2000000029802321,0.2236068010819797,True,12.377485491616804,9.263890266418457,1.3361001842266105,0.527846043604646,5000.0,100000000000.0,1.28589947,1.7093567535981515,False,False,False
64,46,202.48200325437003,47.19584803241453,0.2000000029802321,-0.2000000029802321,0.2828427166893036,True,8.155954933200707,2.4462437629699707,3.3340728576037773,4.603450095976756,5000.0,100000000000000.0,2.38739377,2.3662472987739585,False,False,False
65,46,202.48196237430503,47.195848032378194,0.3000000044703481,-0.2000000029802321,0.3605551329190887,True,6.364461039582416,2.024440288543701,3.1438126753349422,3.7935778882969915,5000.0,100000000000000.0,2.38739377,1.556375091094194,False,False,False
66,46,202.48192149424008,47.19584803232728,0.4000000059604642,-0.2000000029802321,0.4472136021639595,True,6.7039384491513845,2.8793842792510986,2.3282541678997486,2.005838074666516,10000.0,100000000000000.0,2.01292705,0.2313647225362816,False,False,False
58,47,202.48224853484552,47.19587581010548,-0.4000000059604642,-0.100000001490116,0.4123105687056719,True,43.67280298038181,21.020153045654297,2.0776634159383875,2.239789429956873,7500.0,10000000.0,1.76604278,0.0025866327540753353,True,True,True
59,47,202.48220765475912,47.19587581015638,-0.3000000044703481,-0.100000001490116,0.3162277707289986,True,30.587591962106494,13.687362670898438,2.2347323365034155,2.274033490205224,15000.0,100000000000000.0,1.89483997,0.036830693002426695,False,True,True
60,47,202.48216677467275,47.19587581019272,-0.2000000029802321,-0.100000001490116,0.2236068010819797,True,22.2593383857288,12.17107105255127,1.8288726020593604,2.1641575424798924,20000.0,100000000000.0,1.56312094,0.07304525472290502,False,False,True
61,47,202.4821258945864,47.19587581021454,-0.100000001490116,-0.100000001490116,0.1414213583446518,True,15.061321091131582,9.63213062286377,1.5636541571997118,1.884645069496303,7500.0,100000000000.0,1.36381997,0.3525577277064944,False,False,False
62,47,202.4820850145,47.19587581022181,0.0,-0.100000001490116,0.100000001490116,True,10.900746016902367,9.563840866088867,1.1397874734149804,-1.6624712044277568,5000.0,100000000000.0,1.28589947,3.8996740016305544,False,False,False
63,47,202.48204413441363,47.19587581021454,0.100000001490116,-0.100000001490116,0.1414213583446518,True,8.334860692780536,13.133702278137207,0.6346162351079802,-9.733533033172778,5000.0,100000000000.0,1.28589947,11.970735830375576,False,False,False
64,47,202.48200325432725,47.19587581019272,0.2000000029802321,-0.100000001490116,0.2236068010819797,True,7.994100147445527,3.0300002098083496,2.638316697658302,2.460237961035963,5000.0,10000000000000.0,2.20702268,0.22303516383316557,False,False,False
65,47,202.48196237424088,47.19587581015638,0.3000000044703481,-0.100000001490116,0.3162277707289986,True,7.020602695919294,2.763720750808716,2.5402720929257905,2.4023046380267883,7500.0,100000000000000.0,2.13395639,0.16510184082399082,False,False,False
66,47,202.48192149415448,47.19587581010548,0.4000000059604642,-0.100000001490116,0.4123105687056719,True,7.2508725883659935,2.694538116455078,2.6909519461187688,2.7325081647988694,5000.0,10000000000000.0,2.20702268,0.4953053675960719,False,False,False
58,48,202.4822485349311,47.19590358788367,-0.4000000059604642,0.0,0.4000000059604642,True,29.486541432766153,17.622188568115234,1.6732621671134382,2.250905971694614,10000.0,100000000000.0,1.42114943,0.013703174491816572,True,True,True
59,48,202.48220765482333,47.19590358793456,-0.3000000044703481,0.0,0.3000000044703481,True,19.700903308815903,12.638436317443848,1.5588086068546536,1.841866808981711,7500.0,100000000000.0,1.36381997,0.3953359882210865,False,False,False
60,48,202.48216677471555,47.195903587970925,-0.2000000029802321,0.0,0.2000000029802321,True,16.48834566518439,6.9425435066223145,2.3749718888267073,2.2796655416442726,10000.0,100000000000000.0,2.01292705,0.04246274444147513,False,True,True
61,48,202.48212589460775,47.19590358799272,-0.100000001490116,0.0,0.100000001490116,True,11.155592453004484,10.75767993927002,1.036988692355674,-2.965260831315217,5000.0,100000000000.0,1.28589947,5.202463628518014,False,False,False
62,48,202.4820850145,47.195903588,0.0,0.0,0.0,True,8.511903315190235,3.4416794776916504,2.473183040536711,2.0333972264925455,7500.0,100000000000000.0,2.13395639,0.20380557071025196,False,False,False
63,48,202.48204413439225,47.19590358799272,0.100000001490116,0.0,0.100000001490116,True,8.937991542290279,2.621955156326294,3.4089032837669073,4.909379594759789,5000.0,100000000000000.0,2.38739377,2.672176797556992,False,False,False
64,48,202.48200325428445,47.195903587970925,0.2000000029802321,0.0,0.2000000029802321,True,7.5323801410560955,1.247321367263794,6.038844790721111,12.790861442759635,5000.0,100000000000000.0,2.38739377,10.553658645556837,False,False,False
65,48,202.48196237417667,47.19590358793456,0.3000000044703481,0.0,0.3000000044703481,True,6.138064266934694,7.638416290283203,0.8035781284587618,-6.479977580389549,5000.0,100000000000.0,1.28589947,8.717180377592346,False,False,False
66,48,202.4819214940689,47.19590358788367,0.4000000059604642,0.0,0.4000000059604642,True,6.004182237085398,5.237846374511719,1.146307433968053,-1.5838519683414498,5000.0,100000000000.0,1.28589947,3.8210547655442473,False,False,False
58,49,202.4822485350167,47.195931365661856,-0.4000000059604642,0.100000001490116,0.4123105687056719,True,37.73070288963084,17.258222579956055,2.186245003784562,2.2355120202809005,5000.0,1000.0,1.85891544,0.0016907769218970081,True,True,True
59,49,202.48220765488756,47.19593136571277,-0.3000000044703481,0.100000001490116,0.3162277707289986,True,22.203337018376246,10.814229011535645,2.053159498905722,2.249344877175161,30000.0,100.0,1.74400462,0.012142079972363717,True,True,True
60,49,202.48216677475835,47.195931365749104,-0.2000000029802321,0.100000001490116,0.2236068010819797,True,12.456363569386543,6.408127307891846,1.9438383432311137,2.2358664823483325,20000.0,10000000000.0,1.65275995,0.0013363148544649484,True,True,True
61,49,202.4821258946292,47.19593136577092,-0.100000001490116,0.100000001490116,0.1414213583446518,True,8.044129953982635,5.18167781829834,1.5524180074600475,2.596119686580675,5000.0,100000000000.0,1.28589947,0.35891688937787736,False,False,False
62,49,202.4820850145,47.19593136577819,0.0,0.100000001490116,0.100000001490116,True,7.892622806123109,6.721285343170166,1.1742728366893689,-1.2516345205178128,5000.0,100000000000.0,1.28589947,3.48883731772061,False,False,False
63,49,202.4820441343708,47.19593136577092,0.100000001490116,0.100000001490116,0.1414213583446518,True,9.16208289237604,2.752180576324463,3.3290267983113235,4.582573818836382,5000.0,100000000000000.0,2.38739377,2.3453710216335844,False,False,False
64,49,202.48200325424165,47.195931365749104,0.2000000029802321,0.100000001490116,0.2236068010819797,True,8.279011517963216,3.6465423107147217,2.270373085658927,2.1587304901962137,10000.0,10000000000000.0,1.94123163,0.07847230700658381,False,False,True
65,49,202.48196237411247,47.19593136571277,0.3000000044703481,0.100000001490116,0.3162277707289986,True,5.1994269215636715,1.6962076425552368,3.0653245458386458,3.4451019589998406,5000.0,100000000000000.0,2.38739377,1.2078991617970432,False,False,False
66,49,202.4819214939833,47.195931365661856,0.4000000059604642,0.100000001490116,0.4123105687056719,True,4.245083114688577,1.314997673034668,3.2282057997046065,4.15869514923946,5000.0,100000000000000.0,2.38739377,1.9214923520366622,False,False,False
58,50,202.48224853510231,47.19595914344005,-0.4000000059604642,0.2000000029802321,0.4472136021639595,True,43.32175229138113,14.045942306518555,3.0842894941463643,3.5301143264372743,5000.0,100000000000000.0,2.38739377,1.2929115292344768,False,False,False
59,50,202.4822076549517,47.19595914349094,-0.3000000044703481,0.2000000029802321,0.3605551329190887,True,29.242668784029586,10.213276863098145,2.863201416744809,2.504914248958193,5000.0,100000000000000.0,2.38739377,0.26771145175539557,False,False,False
60,50,202.4821667748012,47.1959591435273,-0.2000000029802321,0.2000000029802321,0.2828427166893036,True,14.568269013292875,9.012016296386719,1.616538245623666,2.3430914980615727,7500.0,100000000000.0,1.36381997,0.10588870085877522,False,False,False
61,50,202.48212589465055,47.19595914354911,-0.100000001490116,0.2000000029802321,0.2236068010819797,True,8.314370637204789,4.711185932159424,1.7648147954529585,2.2052961080794176,15000.0,100000000000.0,1.50387597,0.031906689123379905,False,True,True
62,50,202.4820850145,47.1959591435564,0.0,0.2000000029802321,0.2000000029802321,True,8.413325853807745,4.975704193115234,1.6908814365309472,2.395281727735811,10000.0,100000000000.0,1.42114943,0.15807893053301347,False,False,False
63,50,202.48204413434945,47.19595914354911,0.100000001490116,0.2000000029802321,0.2236068010819797,True,7.512134500160807,1.8175774812698364,4.133047739407792,7.564342016735614,5000.0,100000000000000.0,2.38739377,5.327139219532816,False,False,False
64,50,202.48200325419884,47.1959591435273,0.2000000029802321,0.2000000029802321,0.2828427166893036,True,6.395881243449043,0.776638925075531,8.23533438377045,17.06667200489786,5000.0,100000000000000.0,2.38739377,14.829469207695062,False,False,False
65,50,202.4819623740483,47.19595914349094,0.3000000044703481,0.2000000029802321,0.3605551329190887,True,5.044895051110612,1.7400368452072144,2.8993035779709797,2.677619085034042,5000.0,100000000000000.0,2.38739377,0.44041628783124454,False,False,False
66,50,202.4819214938977,47.19595914344005,0.4000000059604642,0.2000000029802321,0.4472136021639595,True,4.5836548737319704,-0.6262262463569641,,,,,,,False,False,False
59,51,202.48220765501597,47.195986921269125,-0.3000000044703481,0.3000000044703481,0.4242640750339554,True,28.319837766385493,11.946110725402832,2.370632452465447,2.2544586759003447,10000.0,100000000000000.0,2.01292705,0.01725587869754719,True,True,True
60,51,202.482166774844,47.1959869213055,-0.2000000029802321,0.3000000044703481,0.3605551329190887,True,17.04634158105912,9.25088119506836,1.8426721975574087,2.2677663081177353,20000.0,100000000000.0,1.56312094,0.030563510914937808,False,True,True
61,51,202.482125894672,47.1959869213273,-0.100000001490116,0.3000000044703481,0.3162277707289986,True,9.65953276056668,3.8150455951690674,2.5319573566298645,2.3571162439055593,7500.0,100000000000000.0,2.13395639,0.11991344670276183,False,False,False
62,51,202.4820850145,47.195986921334566,0.0,0.3000000044703481,0.3000000044703481,True,7.431128133359122,4.035628318786621,1.841380708616252,2.258102645010941,20000.0,100000000000.0,1.56312094,0.02089984780814369,True,True,True
63,51,202.482044134328,47.1959869213273,0.100000001490116,0.3000000044703481,0.3162277707289986,True,6.638676241333197,4.763515472412109,1.393650609467121,1.1091012065203172,5000.0,100000000000.0,1.28589947,1.1281015906824803,False,False,False
64,51,202.48200325415604,47.1959869213055,0.2000000029802321,0.3000000044703481,0.3605551329190887,True,4.712138643339112,1.0636688470840454,4.43008052389334,8.520926081216833,5000.0,100000000000000.0,2.38739377,6.283723284014036,False,False,False
65,51,202.4819623739841,47.195986921269125,0.3000000044703481,0.3000000044703481,0.4242640750339554,True,4.291915006432554,1.5550076961517334,2.760060298771512,1.9992419336566294,5000.0,100000000000000.0,2.38739377,0.23796086354616808,False,False,False
60,52,202.4821667748868,47.19601469908367,-0.2000000029802321,0.4000000059604642,0.4472136021639595,True,17.058834067788883,5.996469974517822,2.844812721531319,2.4161078404037775,5000.0,100000000000000.0,2.38739377,0.17890504320098,False,False,False
61,52,202.48212589469335,47.196014699105504,-0.100000001490116,0.4000000059604642,0.4123105687056719,True,13.406062563707755,6.708556652069092,1.998352739493223,2.2416437656240897,30000.0,100000000.0,1.69839909,0.004440968421292268,True,True,True
62,52,202.4820850145,47.196014699112766,0.0,0.4000000059604642,0.4000000059604642,True,6.8872541405328,5.101675987243652,1.3499983452014295,0.6704777914566996,5000.0,100000000000.0,1.28589947,1.5667250057460977,False,False,False
63,52,202.48204413430665,47.196014699105504,0.100000001490116,0.4000000059604642,0.4123105687056719,True,5.291105064778093,2.075413465499878,2.5494221526136687,2.4518621656184396,7500.0,100000000000000.0,2.13395639,0.21465936841564215,False,False,False
64,52,202.48200325411324,47.19601469908367,0.2000000029802321,0.4000000059604642,0.4472136021639595,True,3.2108438837215436,4.777812480926514,0.6720322106695357,-8.94395693720457,5000.0,100000000000.0,1.28589947,11.181159734407368,False,False,False
