x,y,ra_deg,dec_deg,radius_arcsec,distance_from_chaos_arcsec,pabeta_flux,pagamma_flux,pabeta_pagamma_ratio,valid_ratio,pabeta_flux_fraction,pagamma_flux_fraction,diagnostic_Av_for_intrinsic_ratio_2p0
60,44,-157.51783322545563,47.19579247685815,0.4472136021639595,0.4376017915324895,82.17978731059705,33.0653076171875,2.4853779756725936,True,0.06128619936797617,0.04954257852366069,2.113589017200819
61,44,-157.51787410547783,47.19579247687996,0.41231056870567195,0.40084014800182355,46.83770593538271,23.83159637451172,1.9653616652167036,True,0.0349295742643563,0.03570747771040581,-0.16994989133328545
62,44,-157.5179149855,47.19579247688724,0.4000000059604642,0.3871050518013552,27.34843918415126,10.154544830322266,2.693221571338843,True,0.020395305842154883,0.015214808839908358,2.8948449259141436
63,44,-157.51795586552217,47.19579247687996,0.41231056870567195,0.3987829217164403,19.979347796780885,13.823736190795898,1.4452929020797942,True,0.014899750077081976,0.020712450150225752,-3.1598662763295193
64,44,-157.51799674554437,47.19579247685815,0.4472136021639595,0.43382636704975536,11.608899646041047,11.808469772338867,0.9830994082937563,True,0.008657424914731513,0.01769292600309198,-6.908464909292467
59,45,-157.51779234536926,47.1958202546,0.42426407503395547,0.4182118962386103,103.44471503019744,50.566307067871094,2.045724139818079,True,0.07714468041810879,0.0757647643132567,0.21988895352380416
60,45,-157.51783322541283,47.19582025463634,0.36055513291908875,0.35224804598415693,61.58266293129414,30.020158767700195,2.0513769899695937,True,0.045925737721293554,0.04497995573670256,0.2467316850605367
61,45,-157.51787410545643,47.19582025465815,0.3162277707289986,0.30537875201190395,36.81789819189634,18.967077255249023,1.9411476895686293,True,0.0274572266823991,0.028418846882103842,-0.2905418745974189
62,45,-157.5179149855,47.19582025466543,0.30000000447034814,0.28711265921203344,21.153595128979415,8.844005584716797,2.3918568262252853,True,0.015775453926696992,0.013251195065754376,1.7404891874356119
63,45,-157.51795586554357,47.19582025465815,0.3162277707289986,0.3026733826797016,17.301200659788684,13.555927276611328,1.2762830831675565,True,0.012902501547414465,0.02031118534682714,-4.369590348437129
64,45,-157.51799674558717,47.19582025463634,0.36055513291908875,0.3475466511085789,10.290346688960915,6.567715167999268,1.566807698832603,True,0.007674104051422012,0.009840572124679288,-2.3745743989877983
65,45,-157.51803762563074,47.1958202546,0.42426407503395547,0.4122695396965708,6.437031519401351,4.487409591674805,1.4344648929180772,True,0.004800465052859865,0.006723598178406643,-3.2330189732349326
58,46,-157.51775146524008,47.195848032327284,0.4472136021639595,0.4453168014016512,87.59878798315634,38.19693374633789,2.293346072354691,True,0.06532746019940741,0.057231422474574065,1.331365246892976
59,46,-157.51779234530505,47.195848032378194,0.36055513291908875,0.3570497846268039,65.34205563558486,27.862783432006836,2.345137405063574,True,0.04872933332938253,0.04174750623975491,1.5486027310107957
60,46,-157.51783322537003,47.19584803241453,0.28284271668930366,0.2768791152123108,36.520206709732015,20.961196899414062,1.742276783381243,True,0.027235221002862395,0.03140668628769483,-1.3419653038849975
61,46,-157.51787410543503,47.195848032436345,0.22360680108197975,0.21410170649053054,23.990516680270282,11.48332691192627,2.0891608210991874,True,0.017891109679450453,0.017205756312130883,0.4242719791535398
62,46,-157.5179149855,47.195848032443614,0.2000000029802321,0.1871283987622632,15.281756325711966,7.207472324371338,2.1202656962050694,True,0.011396485626455805,0.0107991362947934,0.5680356247026322
63,46,-157.51795586556497,47.195848032436345,0.22360680108197975,0.21022496313337852,12.377485491616804,9.263890266418457,1.3361001842266105,True,0.009230603635495693,0.013880318800362359,-3.9240366752106888
64,46,-157.51799674562997,47.19584803241453,0.28284271668930366,0.27087272516787186,8.155954933200707,2.4462437629699707,3.3340728576037773,True,0.0060823652193598724,0.0036652682962477015,4.971264588733808
65,46,-157.51803762569494,47.195848032378194,0.36055513291908875,0.3500707527168172,6.364461039582416,2.024440288543701,3.1438126753349422,True,0.004746345067399165,0.0030332695864442615,4.399686978258794
66,46,-157.51807850575992,47.195848032327284,0.4472136021639595,0.4378664536297032,6.7039384491513845,2.8793842792510986,2.3282541678997486,True,0.0049995129190648635,0.004314253579798558,1.4783179845579375
58,47,-157.51775146515448,47.19587581010548,0.41231056870567195,0.4133889364123023,43.67280298038181,21.020153045654297,2.0776634159383875,True,0.03256932389345433,0.03149502175816361,0.370589643959877
59,47,-157.51779234524088,47.19587581015638,0.3162277707289986,0.31633511947828014,30.587591962106494,13.687362670898438,2.2347323365034155,True,0.02281092858139139,0.02050811828988776,1.0795132689950453
60,47,-157.51783322532725,47.195875810192724,0.22360680108197975,0.22191305401287575,22.2593383857288,12.17107105255127,1.8288726020593604,True,0.016600070342736313,0.01823622058258547,-0.8701090762120997
61,47,-157.51787410541363,47.19587581021454,0.14142135834465183,0.1357309833965351,15.061321091131582,9.63213062286377,1.5636541571997118,True,0.011232094379211997,0.014432062549006317,-2.394173039299516
62,47,-157.5179149855,47.195875810221814,0.10000000149011605,0.08718025439666305,10.900746016902367,9.563840866088867,1.1397874734149804,True,0.008129313977494364,0.014329742296113111,-5.469880929329855
63,47,-157.51795586558637,47.19587581021454,0.14142135834465183,0.12952951113901007,8.334860692780536,13.133702278137207,0.6346162351079802,True,0.0062157855457991296,0.01967855505698573,-11.166135462235511
64,47,-157.51799674567275,47.195875810192724,0.22360680108197975,0.21437208853665457,7.994100147445527,3.0300002098083496,2.638316697658302,True,0.005961660785908827,0.004539925200729376,2.6944856921514835
65,47,-157.51803762575912,47.19587581015638,0.3162277707289986,0.3084362025147104,7.020602695919294,2.763720750808716,2.5402720929257905,True,0.005235667681631711,0.004140952018339568,2.326102493382411
66,47,-157.51807850584552,47.19587581010548,0.41231056870567195,0.4053521806447194,7.2508725883659935,2.694538116455078,2.6909519461187688,True,0.005407393199533011,0.0040372939446080185,2.8866438511728916
58,48,-157.5177514650689,47.19590358788367,0.4000000059604642,0.4043188994298546,29.486541432766153,17.622188568115234,1.6732621671134382,True,0.02198981180239157,0.026403766479426008,-1.7351318832731024
59,48,-157.51779234517667,47.19590358793456,0.30000000447034814,0.30438670726446576,19.700903308815903,12.638436317443848,1.5588086068546536,True,0.0146920979893753,0.0189364856641399,-2.4243643407089794
60,48,-157.51783322528445,47.195903587970925,0.2000000029802321,0.20452081379955833,16.48834566518439,6.9425435066223145,2.3749718888267073,True,0.012296308773170693,0.010402186812016202,1.6715752018984058
61,48,-157.51787410539222,47.195903587992724,0.10000000149011605,0.10491072198250863,11.155592453004484,10.75767993927002,1.036988692355674,True,0.00831936763913433,0.016118501279167217,-6.389341277304176
62,48,-157.5179149855,47.195903588,0.0,0.013555681172682308,8.511903315190235,3.4416794776916504,2.473183040536711,True,0.0063478164235698615,0.005156754558308672,2.0657413959503055
63,48,-157.51795586560777,47.195903587992724,0.10000000149011605,0.09675357351983704,8.937991542290279,2.621955156326294,3.4089032837669073,True,0.006665574948980811,0.003928541077606387,5.187178223292517
64,48,-157.51799674571555,47.195903587970925,0.2000000029802321,0.19631289331437984,7.5323801410560955,1.247321367263794,6.038844790721111,True,0.005617329590978647,0.0018688928437425069,10.749634273720709
65,48,-157.51803762582333,47.19590358793456,0.30000000447034814,0.29616929409579557,6.138064266934694,7.638416290283203,0.8035781284587618,True,0.00457750795794895,0.011444830431913373,-8.869897322915232
66,48,-157.5180785059311,47.19590358788367,0.4000000059604642,0.3960981570827171,6.004182237085398,5.237846374511719,1.146307433968053,True,0.004477664419268055,0.007847996404824942,-5.414394403587324
58,49,-157.5177514649833,47.195931365661856,0.41231056870567195,0.4195916261935629,37.73070288963084,17.258222579956055,2.186245003784562,True,0.028137957705441894,0.02585842712383674,0.866128674107779
59,49,-157.51779234511247,47.19593136571277,0.3162277707289986,0.3243988716063676,22.203337018376246,10.814229011535645,2.053159498905722,True,0.016558306898503045,0.01620323017041466,0.25518064527910317
60,49,-157.51783322524165,47.195931365749104,0.22360680108197975,0.233264064096042,12.456363569386543,6.408127307891846,1.9438383432311137,True,0.009289427559944273,0.00960145763700142,-0.27706764168305553
61,49,-157.51787410537082,47.19593136577092,0.14142135834465183,0.15358912693599253,8.044129953982635,5.18167781829834,1.5524180074600475,True,0.0059989708933953076,0.007763837650308607,-2.464326247503135
62,49,-157.5179149855,47.19593136577819,0.10000000149011605,0.11299166703443388,7.892622806123109,6.721285343170166,1.1742728366893689,True,0.005885983289347383,0.010070670164303809,-5.179927714664686
63,49,-157.51795586562918,47.19593136577092,0.14142135834465183,0.1481371469779746,9.16208289237604,2.752180576324463,3.3290267983113235,True,0.006832692772078704,0.004123661085886072,4.956530890638778
64,49,-157.51799674575835,47.195931365749104,0.22360680108197975,0.22610199557901858,8.279011517963216,3.6465423107147217,2.270373085658927,True,0.0061741356003027405,0.005463705671818028,1.2334302618198258
65,49,-157.51803762588753,47.19593136571277,0.3162277707289986,0.3167011384689161,5.1994269215636715,1.6962076425552368,3.0653245458386458,True,0.0038775120421014227,0.0025414703923711474,4.153745659261854
66,49,-157.5180785060167,47.195931365661856,0.41231056870567195,0.41167597741306716,4.245083114688577,1.314997673034668,3.2282057997046065,True,0.003165802913521111,0.0019702939476324934,4.657373128707851
58,50,-157.51775146489769,47.19595914344005,0.4472136021639595,0.456771817980888,43.32175229138113,14.045942306518555,3.0842894941463643,True,0.03230752518091876,0.021045387138566515,4.213744218762893
59,50,-157.51779234504826,47.19595914349094,0.36055513291908875,0.37123845275387146,29.242668784029586,10.213276863098145,2.863201416744809,True,0.02180794192586856,0.015302808515560573,3.4901962256503842
60,50,-157.51783322519884,47.195959143527304,0.28284271668930366,0.294949969544794,14.568269013292875,9.012016296386719,1.616538245623666,True,0.010864397054479186,0.013502929722878707,-2.0706186418460426
61,50,-157.51787410534942,47.19595914354911,0.22360680108197975,0.23700839824171882,8.314370637204789,4.711185932159424,1.7648147954529585,True,0.006200504931524357,0.0070588878738345445,-1.2169364867598609
62,50,-157.5179149855,47.195959143556394,0.2000000029802321,0.21295651611255095,8.413325853807745,4.975704193115234,1.6908814365309472,True,0.0062743015344567665,0.007455222209086076,-1.6332368572850253
63,50,-157.51795586565058,47.19595914354911,0.22360680108197975,0.23351225929009514,7.512134500160807,1.8175774812698364,4.133047739407792,True,0.005602231250804662,0.0027233218614255744,7.060951718251052
64,50,-157.51799674580116,47.195959143527304,0.28284271668930366,0.28931898199507877,6.395881243449043,0.776638925075531,8.23533438377045,True,0.004769776922620142,0.0011636575523672299,13.767341957446
65,50,-157.51803762595173,47.19595914349094,0.36055513291908875,0.36453116740950836,5.044895051110612,1.7400368452072144,2.8993035779709797,True,0.0037622687282498277,0.00260714078440725,3.6120848601604156
66,50,-157.5180785061023,47.19595914344005,0.4472136021639595,0.4495113694982522,4.5836548737319704,-0.6262262463569641,-7.319487007127415,False,0.0034182953694418886,-0.0009382904687567555,
59,51,-157.51779234498406,47.195986921269125,0.42426407503395547,0.4363500318818189,28.319837766385493,11.946110725402832,2.370632452465447,True,0.02111973369874657,0.017899156890286216,1.6537851358202575
60,51,-157.51783322515604,47.1959869213055,0.36055513291908875,0.37360252417266127,17.04634158105912,9.25088119506836,1.8426721975574087,True,0.012712438457439242,0.013860826982946236,-0.7969858721732708
61,51,-157.51787410532802,47.195986921327304,0.3162277707289986,0.3297822650883726,9.65953276056668,3.8150455951690674,2.5319573566298645,True,0.007203669782304841,0.005716178363081749,2.294210209528132
62,51,-157.5179149855,47.195986921334566,0.30000000447034814,0.31294382760078676,7.431128133359122,4.035628318786621,1.841380708616252,True,0.005541820138676567,0.006046682982373573,-0.8038061253127647
63,51,-157.51795586567198,47.195986921327304,0.3162277707289986,0.32727868364487545,6.638676241333197,4.763515472412109,1.393650609467121,True,0.004950843132850609,0.007137294534588794,-3.513808451615474
64,51,-157.51799674584396,47.1959869213055,0.36055513291908875,0.3691731773549621,4.712138643339112,1.0636688470840454,4.43008052389334,True,0.0035141131146245535,0.0015937216731787144,7.736073087536078
65,51,-157.51803762601594,47.195986921269125,0.42426407503395547,0.4306580238831512,4.291915006432554,1.5550076961517334,2.760060298771512,True,0.003200728151808151,0.002329906976321269,3.1333115580168416
60,52,-157.51783322511324,47.19601469908367,0.4472136021639595,0.4606106904201249,17.058834067788883,5.996469974517822,2.844812721531319,True,0.012721754824119875,0.008984661144446723,3.427519973378651
61,52,-157.51787410530662,47.196014699105504,0.41231056870567195,0.4258399986968179,13.406062563707755,6.708556652069092,1.998352739493223,True,0.009997672784351552,0.010051598447636924,-0.008015245860430389
62,52,-157.5179149855,47.196014699112766,0.4000000059604642,0.4129372850361266,6.8872541405328,5.101675987243652,1.3499983452014295,True,0.005136221985575566,0.007643968903193028,-3.823372505182289
63,52,-157.51795586569338,47.196014699105504,0.41231056870567195,0.42390411520938953,5.291105064778093,2.075413465499878,2.5494221526136687,True,0.003945881712388953,0.0031096439741012255,2.361078348749813
64,52,-157.51799674588676,47.19601469908367,0.4472136021639595,0.45702537888114936,3.2108438837215436,4.777812480926514,0.6720322106695357,True,0.0023945111667602317,0.0071587161005145904,-10.60888209072563
