velocity_kms,pa_beta_only_chi2,joint_profile_pa_beta_chi2,joint_profile_ci_chi2,joint_delta_chi2_pa_beta,joint_delta_chi2_ci
250.0,278684.5133466346,1828.7076684770434,1849.7171675246768,0.3904651153895884,21.399964163023014
255.0,278161.1513014978,1828.7076684770434,1849.7171675246768,0.3904651153895884,21.399964163023014
260.0,277533.90788313607,1828.7076684770443,1849.7171675246732,0.3904651153904979,21.399964163019376
265.0,276794.83012631553,1828.7076684770445,1849.7171675246768,0.39046511539072526,21.399964163023014
270.0,275935.8238351987,1828.7076684770439,1849.7171675246796,0.39046511539004314,21.399964163025743
275.0,274948.6860230362,1828.7076684770445,1849.7171675246798,0.39046511539072526,21.39996416302597
280.0,273825.13976589567,1828.7076684770445,1849.7171675246798,0.39046511539072526,21.39996416302597
285.0,272556.8716426877,1828.7076684770445,1849.7171675246805,0.39046511539072526,21.399964163026652
290.0,271135.57203439233,1828.7076684770445,1849.7171675246755,0.39046511539072526,21.39996416302165
295.0,269552.9786478858,1828.7076684770439,1849.7171675246805,0.39046511539004314,21.399964163026652
300.0,267800.9237046797,1828.7076684770434,1849.7171675246775,0.3904651153895884,21.399964163023697
305.0,265871.3852791131,1828.7076684770445,1849.7171675246775,0.39046511539072526,21.399964163023697
310.0,263756.54327709076,1828.7076684770439,1849.7171675246768,0.39046511539004314,21.399964163023014
315.0,261448.84050646605,1828.707668477042,1849.7171675246768,0.39046511538822415,21.399964163023014
320.0,258941.04919724388,1828.7076684770439,1849.7171675246746,0.39046511539004314,21.39996416302074
325.0,256226.34318417797,1828.7076684770448,1849.7171675246775,0.39046511539095263,21.399964163023697
330.0,253298.37576662473,1828.7076684770434,1849.7171675246768,0.3904651153895884,21.399964163023014
335.0,250151.36301177082,1828.707668477042,1849.7171675246768,0.39046511538822415,21.399964163023014
340.0,246780.17198399786,1828.7076684770439,1849.7171675246798,0.39046511539004314,21.39996416302597
345.0,243180.4130710822,1828.7076684770445,1849.7171675246768,0.39046511539072526,21.399964163023014
350.0,239348.53525566548,1828.7076684770445,1849.7171675246775,0.39046511539072526,21.399964163023697
355.0,235281.92286644995,1828.7076684770443,1849.7171675246768,0.3904651153904979,21.399964163023014
360.0,230978.9920592559,1828.7076684770445,1849.7171675246746,0.39046511539072526,21.39996416302074
365.0,226439.28504195824,1828.7076684770434,1849.7171675246798,0.3904651153895884,21.39996416302597
370.0,221663.55989106008,1828.7076684770439,1849.7171675246798,0.39046511539004314,21.39996416302597
375.0,216653.87373072866,1828.707668477042,1849.7171675246768,0.39046511538822415,21.399964163023014
380.0,211413.65706791412,1828.7076684770439,1849.7171675246798,0.39046511539004314,21.39996416302597
385.0,205947.7772076379,1828.707668477042,1849.7171675246798,0.39046511538822415,21.39996416302597
390.0,200262.58891821138,1828.7076684770434,1849.7171675246739,0.3904651153895884,21.39996416302006
395.0,194365.97085681712,1828.7076684770443,1849.7171675246718,0.3904651153904979,21.399964163018012
400.0,188267.346698456,1828.7076684770484,1849.7171675246805,0.3904651153945906,21.399964163026652
405.0,181977.69040417045,1828.7076684770443,1849.7171675246775,0.3904651153904979,21.399964163023697
410.0,175509.51558857135,1828.7076684770445,1849.7171675246755,0.39046511539072526,21.39996416302165
415.0,168876.84946779095,1828.7076684770434,1849.7171675246768,0.3904651153895884,21.399964163023014
420.0,162095.19234790775,1828.707668477044,1849.7171675246768,0.3904651153902705,21.399964163023014
425.0,155181.4640170095,1828.7076684770443,1849.7171675246775,0.3904651153904979,21.399964163023697
430.0,148153.93869466384,1828.7076684770439,1849.6830647517168,0.39046511539004314,21.365861390062946
435.0,141032.17035521337,1828.707668477042,1848.957419944595,0.39046511538822415,20.640216582941093
440.0,133836.9102520509,1828.7076684770443,1847.296041693911,0.3904651153904979,18.978838332257283
445.0,126590.01833476804,1828.7076684770445,1844.7118483876752,0.39046511539072526,16.394645026021408
450.0,119314.36998161727,1828.7076684770443,1841.2203495739195,0.3904651153904979,12.90314621226571
455.0,112033.75907684918,1828.707668477042,1836.8395494938425,0.39046511538822415,8.522346132188659
460.0,104772.797998271,1828.7076684770434,1831.589863766383,0.3904651153895884,3.272660404729095
465.0,97556.81457154894,1828.707668477042,1831.8218472778904,0.39046511538822415,3.504643916236546
470.0,90411.7455458283,1828.7076684770439,1845.7485243197573,0.39046511539004314,17.43132095810347
475.0,83364.02569967232,1828.707668477042,1849.7171675246775,0.39046511538822415,21.399964163023697
480.0,76440.47133741937,1828.7076684770484,1849.7171675246768,0.3904651153945906,21.399964163023014
485.0,69668.15672771867,1828.7076684770443,1849.5171393428625,0.3904651153904979,21.199935981208682
490.0,63074.28199130155,1828.7076684770445,1848.4328520621582,0.39046511539072526,20.11564870050438
495.0,56686.031087346215,1828.7076684770445,1846.4174503544325,0.39046511539072526,18.100246992778693
500.0,50530.41887496808,1828.7076684770439,1843.4848542574725,0.39046511539004314,15.167650895818724
505.0,44634.12672935326,1828.707668477042,1839.6515365109008,0.39046511538822415,11.334333149246959
510.0,39023.32685017641,1828.7076684770557,1834.9364312663142,0.39046511540186657,6.61922790466042
515.0,33723.49615969101,1828.7076684770445,1829.36085538582,0.39046511539072526,1.0436520241662492
520.0,28759.22151690973,1828.707668477042,1837.2451591566573,0.39046511538822415,8.927955795003527
525.0,24153.99880086818,1828.7076684770443,1849.7171675246775,0.3904651153904979,21.399964163023697
530.0,19930.02918131222,1828.7076684770439,1849.7171675246798,0.39046511539004314,21.39996416302597
535.0,16108.016542921818,1828.7076684770439,1849.7171675246798,0.39046511539004314,21.39996416302597
540.0,12706.970495995647,1828.7076684770445,1849.7171675246768,0.39046511539072526,21.399964163023014
545.0,9744.019653239062,1828.707668477042,1849.7171675246798,0.39046511538822415,21.39996416302597
550.0,7234.239848673118,1828.7076684770443,1849.7171675246775,0.3904651153904979,21.399964163023697
555.0,5190.50170768961,1828.7076684770443,1849.5384887816156,0.3904651153904979,21.22128541996176
560.0,3623.34145877907,1828.7076684770484,1848.4876712888677,0.3904651153945906,20.17046792721385
565.0,2540.858134706881,1828.707668477056,1846.5052892845556,0.39046511540209394,18.18808592290179
570.0,1948.639394784731,1828.3172033616538,1843.605169815353,0.0,15.287966453699255
575.0,1849.7171675246766,1828.3911121147967,1839.803696149207,0.0739087531428595,11.486492787553289
580.0,2244.5532420148666,1828.7076684770445,1835.119716008298,0.39046511539072526,6.802512646644118
585.0,3131.053896209049,1828.7076684770439,1829.5744624472063,0.39046511539004314,1.257259085552505
590.0,4504.611715036462,1828.7076684770443,1836.7436119864608,0.3904651153904979,8.426408624806982
595.0,6358.171980585982,1828.707668477042,1849.7171675246768,0.39046511538822415,21.399964163023014
600.0,8682.320458889728,1828.707668477042,1849.7171675246732,0.39046511538822415,21.399964163019376
605.0,11465.389089364126,1828.707668477042,1849.7171675246798,0.39046511538822415,21.39996416302597
610.0,14693.576011665873,1828.7076684770434,1849.7171675246775,0.3904651153895884,21.399964163023697
615.0,18351.07653112965,1828.7076684770443,1849.71684071329,0.3904651153904979,21.399637351636102
620.0,22420.221989652142,1828.7076684770445,1849.2192976265992,0.39046511539072526,20.90209426494539
625.0,26881.624037084293,1828.7076684770443,1847.7832920890046,0.3904651153904979,19.46608872735078
630.0,31714.322419947308,1828.7076684770445,1845.4210993410848,0.39046511539072526,17.103895979430945
635.0,36895.93507038235,1828.707668477042,1842.1476112564833,0.39046511538822415,13.830407894829477
640.0,42402.80991044355,1828.7076684770445,1837.9802365166227,0.39046511539072526,9.663033154968844
645.0,48210.17833974243,1828.7076684770443,1832.9388142411394,0.3904651153904979,4.621610879485615
650.0,54292.31079492851,1828.7076684770443,1828.3172033616538,0.3904651153904979,0.0
655.0,60622.67501554003,1828.7076684770445,1842.4605104948816,0.39046511539072526,14.143307133227836
660.0,67174.0977200209,1828.7076684770445,1848.668195524458,0.39046511539072526,20.350992162804232
665.0,73918.93026647772,1828.7076684770448,1846.8002134550804,0.39046511539095263,18.48301009342663
670.0,80829.21857373127,1828.7076684770443,1844.01264258063,0.3904651153904979,15.695439218976162
675.0,87876.87713806445,1828.7076684770443,1840.3215556191165,0.3904651153904979,12.004352257462642
680.0,95033.8664339586,1828.7076684770439,1835.7455003793198,0.39046511539004314,7.428297017665955
685.0,102272.37239922785,1828.7076684770443,1830.3054191664748,0.3904651153904979,1.9882158048210385
690.0,109564.98612144557,1828.7076684770439,1834.999139301041,0.39046511539004314,6.681935939387131
695.0,116884.88132206255,1828.7076684770445,1842.9319928182094,0.39046511539072526,14.614789456555627
700.0,124205.98682977232,1828.7076684770445,1838.9563441206362,0.39046511539072526,10.639140758982421
705.0,131503.15098209013,1828.7076684790754,1834.1021534218696,0.39046511742162693,5.784950060215806
710.0,138752.29481645455,1828.7076684770448,1828.3911121147967,0.39046511539095263,0.0739087531428595
715.0,145930.55102983303,1828.7076684770445,1839.477500988779,0.39046511539072526,11.160297627125146
720.0,153016.3859831957,1828.7076684770445,1849.7171675246798,0.39046511539072526,21.39996416302597
725.0,159989.70249019298,1828.7076684770448,1849.7171675246775,0.39046511539095263,21.399964163023697
730.0,166831.92172259622,1828.7076684770445,1849.7171675246775,0.39046511539072526,21.399964163023697
735.0,173526.04325097013,1828.7076684770434,1849.7171675246816,0.3904651153895884,21.39996416302779
740.0,180056.68296408435,1828.7076684770439,1849.7171675246755,0.39046511539004314,21.39996416302165
745.0,186410.089336997,1828.7076684770443,1849.7171675246775,0.3904651153904979,21.399964163023697
750.0,192574.13918829444,1828.7076684770443,1849.717167524674,0.3904651153904979,21.399964163020286
755.0,198538.31466350635,1828.7076684770445,1849.7171675246805,0.39046511539072526,21.399964163026652
760.0,204293.66364542008,1828.7076684770448,1849.7171675246805,0.39046511539095263,21.399964163026652
765.0,209832.74613974345,1828.7076684770445,1849.7171675246775,0.39046511539072526,21.399964163023697
770.0,215149.56937199336,1828.7076684770439,1849.7171675246768,0.39046511539004314,21.399964163023014
775.0,220239.51438727576,1828.7076684770443,1849.7171675246718,0.3904651153904979,21.399964163018012
780.0,225099.25685960922,1828.7076684770448,1849.7171675246775,0.39046511539095263,21.399964163023697
785.0,229726.68461979003,1828.7076684770445,1849.7171675246739,0.39046511539072526,21.39996416302006
790.0,234120.81411676024,1828.7076684770439,1849.7171675246798,0.39046511539004314,21.39996416302597
795.0,238281.70766441166,1828.7076684770443,1849.7171675246732,0.3904651153904979,21.399964163019376
800.0,242210.39292201548,1828.7076684770448,1849.7171675246805,0.39046511539095263,21.399964163026652
805.0,245908.78563449517,1828.7076684770439,1849.7171675246775,0.39046511539004314,21.399964163023697
810.0,249379.61625249323,1828.707668477042,1849.7171675246775,0.39046511538822415,21.399964163023697
815.0,252626.36067220947,1828.7076684770445,1849.7171675246768,0.39046511539072526,21.399964163023014
820.0,255653.1750133289,1828.707668477042,1849.7171675246768,0.39046511538822415,21.399964163023014
825.0,258464.8340921771,1828.7076684770443,1849.7171675246775,0.3904651153904979,21.399964163023697
830.0,261066.67306501846,1828.7076684770448,1849.7171675246732,0.39046511539095263,21.399964163019376
835.0,263464.5316096837,1828.7076684770439,1849.7171675246775,0.39046511539004314,21.399964163023697
840.0,265664.6999859266,1828.7076684770445,1849.7171675246805,0.39046511539072526,21.399964163026652
845.0,267673.86635623843,1828.707668477042,1849.717167524671,0.39046511538822415,21.399964163017103
850.0,269499.0648505088,1828.707668477042,1849.7171675246798,0.39046511538822415,21.39996416302597
855.0,271147.6240031387,1828.7076684770443,1849.7171675246805,0.3904651153904979,21.399964163026652
860.0,272627.115367658,1828.7076684770445,1849.7171675246805,0.39046511539072526,21.399964163026652
865.0,273945.30229906394,1828.7076684770443,1849.7171675246784,0.3904651153904979,21.399964163024606
870.0,275110.0890765737,1828.7076684770445,1849.7171675246768,0.39046511539072526,21.399964163023014
875.0,276129.4707000659,1828.7076684770439,1849.7171675246768,0.39046511539004314,21.399964163023014
880.0,277011.4838231649,1828.7076684770445,1849.7171675246768,0.39046511539072526,21.399964163023014
885.0,277764.15937398764,1828.707668477042,1849.7171675246768,0.39046511538822415,21.399964163023014
890.0,278395.47745746025,1828.7076684770445,1849.7171675246775,0.39046511539072526,21.399964163023697
895.0,278913.3251304535,1828.7076684770448,1849.7171675246775,0.39046511539095263,21.399964163023697
900.0,279325.4575946965,1828.7076684770439,1849.7171675246798,0.39046511539004314,21.39996416302597
