species,wavelength_source,rest_wavelength_vacuum_nm,predicted_wavelength_at_M51_nm,observed_feature_nm,wavelength_difference_nm,absolute_wavelength_difference_nm,required_velocity_kms,reference_velocity_kms,velocity_offset_kms,instrument_fwhm_nm,distance_in_fwhm,relative_intensity,Aki_s-1,lower_energy_cm-1,upper_energy_cm-1,lower_configuration,lower_term,lower_J,upper_configuration,upper_term,upper_J,accuracy,line_reference,ranking
C I,Ritz vacuum,1281.750513251221,1284.2057814776215,1284.2613044,-0.05552292237848633,0.05552292237848633,586.6812648110969,573.72,12.96126481109684,1.4015729612572303,0.03961472139750862,nan,3300.0,80782.44916,88584.28,2s2.2p.4p,3D,1,2s2.2p.(2P*<3/2>).8s,2[3/2]*,2,D,,excellent
C I,Ritz vacuum,1282.050594745953,1284.5064377960432,1284.2613044,0.24513339604322937,0.24513339604322937,516.5027598729365,573.72,-57.21724012706352,1.4015729612572303,0.1748987764599435,nan,9000.0,81344.05485,89144.03,2s2.2p.4p,3P,2,2s2.2p.(2P*<3/2>).8d,2[5/2]*,3,D,,strong
C I,Ritz vacuum,1281.4814401777264,1283.9361929788854,1284.2613044,-0.3251114211145705,0.3251114211145705,649.6219089613239,573.72,75.9019089613239,1.4015729612572303,0.23196182439403015,nan,28000.0,80801.28887,88604.76,2s2.2p.4p,3D,2,2s2.2p.(2P*<3/2>).7d,2[5/2]*,2,D,,strong
H I,Ritz vacuum,1282.1431958941685,1284.599216327185,1284.2613044,0.3379119271851323,0.3379119271851323,494.84991370032543,573.72,-78.8700862996746,1.4015729612572303,0.24109478173866927,nan,2826300.0,97492.2112,105291.651993,3p,2P*,1/2,5d,2D,3/2,AAA,,strong
H I,Ritz vacuum,1282.144906358689,1284.6009300682006,1284.2613044,0.3396256682005969,0.3396256682005969,494.44997192590904,573.72,-79.27002807409099,1.4015729612572303,0.24231750867678556,nan,1637700.0,97492.221701,105291.65209,3s,2S,1/2,5p,2P*,3/2,AAA,,strong
H I,Ritz vacuum,1282.1466568340757,1284.6026838967255,1284.2613044,0.3413794967254944,0.3413794967254944,494.0406753388238,573.72,-79.67932466117622,1.4015729612572303,0.2435688374148373,nan,301570.0,97492.2112,nan,3p,2P*,1/2,5s,2S,1/2,AAA,,strong
H I,Ritz vacuum,1282.148756404268,1284.6047874887674,1284.2613044,0.3434830887674707,0.3434830887674707,493.5497540527528,573.72,-80.17024594724722,1.4015729612572303,0.2450697168553834,nan,1637800.0,97492.221701,105291.62867,3s,2S,1/2,5p,2P*,1/2,AAA,,strong
H I,Ritz vacuum,1282.1576238124405,1284.61367188298,1284.2613044,0.35236748298007114,0.35236748298007114,491.47638642568535,573.72,-82.24361357431468,1.4015729612572303,0.25140859071938193,32000.0,2200800.0,97492.304,105291.657,3,,,5,,,AAA,L7421,strong
H I,Ritz vacuum,1282.159699376113,1284.6157514225165,1284.2613044,0.35444702251652416,0.35444702251652416,490.99108247463727,573.72,-82.72891752536276,1.4015729612572303,0.25289230908006405,nan,4239400.0,97492.319433,nan,3d,2D,3/2,5f,2F*,5/2,AAA,,strong
H I,Ritz vacuum,1282.1597353858926,1284.615787501275,1284.2613044,0.35448310127503646,0.35448310127503646,490.9826627502458,573.72,-82.7373372497542,1.4015729612572303,0.2529180507000222,nan,3391500.0,97492.319611,nan,3p,2P*,3/2,5d,2D,5/2,AAA,,strong
H I,Ritz vacuum,1282.1609727219231,1284.617027207495,1284.2613044,0.35572280749511265,0.35572280749511265,490.693351811533,573.72,-83.02664818846705,1.4015729612572303,0.2538025613565093,nan,14954.0,97492.319433,105291.65209,3d,2D,3/2,5p,2P*,3/2,AAA,,strong
H I,Ritz vacuum,1282.1610177341472,1284.6170723059427,1284.2613044,0.3557679059426846,0.3557679059426846,490.6828271667126,573.72,-83.0371728332874,1.4015729612572303,0.2538347383810514,nan,565250.0,97492.319611,105291.651993,3p,2P*,3/2,5d,2D,3/2,AAA,,strong
H I,Ritz vacuum,1282.1644786740546,1284.6205398754835,1284.2613044,0.35923547548350143,0.35923547548350143,489.8736000164314,573.72,-83.84639998356863,1.4015729612572303,0.2563087940575439,nan,603200.0,97492.319611,nan,3p,2P*,3/2,5s,2S,1/2,AAA,,strong
H I,Ritz vacuum,1282.164822767502,1284.620884628062,1284.2613044,0.3595802280619864,0.3595802280619864,489.7931451817448,573.72,-83.92685481825521,1.4015729612572303,0.2565547695351072,nan,149560.0,97492.319433,105291.62867,3d,2D,3/2,5p,2P*,1/2,AAA,,strong
H I,Ritz vacuum,1282.1650038166706,1284.6210660240408,1284.2613044,0.359761624040857,0.359761624040857,489.7508128500721,573.72,-83.9691871499279,1.4015729612572303,0.2566841926788783,nan,4542100.0,97492.355566,105291.6637,3d,2D,5/2,5f,2F*,7/2,AAA,,strong
H I,Ritz vacuum,1282.1656389891677,1284.6217024132482,1284.2613044,0.36039801324818654,0.36039801324818654,489.60229891595213,573.72,-84.1177010840479,1.4015729612572303,0.25713824624934584,nan,302810.0,97492.355566,nan,3d,2D,5/2,5f,2F*,5/2,AAA,,strong
H I,Ritz vacuum,1282.166912334978,1284.6229781982267,1284.2613044,0.36167379822677503,0.36167379822677503,489.30456962758024,573.72,-84.41543037241979,1.4015729612572303,0.2580484985257911,nan,134590.0,97492.355566,105291.65209,3d,2D,5/2,5p,2P*,3/2,AAA,,strong
Mg II,Ritz vacuum,1281.3674092098097,1283.8219435779667,1284.2613044,-0.4393608220332226,0.4393608220332226,676.2996094356492,573.72,102.57960943564922,1.4015729612572303,0.31347695352164173,1.0,nan,109073.97,116878.13,2p6.6h,2H*,11/2,2p6.10i,2I,9/2 or 11/2 or 13/2,,L6692,plausible
C I,Ritz vacuum,1282.2776564103906,1284.7339344104062,1284.2613044,0.472630010406192,0.472630010406192,463.4119025309302,573.72,-110.30809746906982,1.4015729612572303,0.33721398990334145,nan,2200.0,81344.05485,89142.68,2s2.2p.4p,3P,2,2s2.2p.(2P*<3/2>).8d,2[5/2]*,2,D,,plausible
C I,Ritz vacuum,1281.320396442341,1283.7748407547867,1284.2613044,-0.4864636452132345,0.4864636452132345,687.2989985839679,573.72,113.57899858396786,1.4015729612572303,0.34708406815787163,nan,19000.0,80834.62491,88639.1,2s2.2p.4p,3D,3,2s2.2p.(2P*<3/2>).7d,2[3/2]*,2,D,,plausible
Fe I,Ritz vacuum,1282.3430941817157,1284.7994975316174,1284.2613044,0.5381931316173905,0.5381931316173905,448.11318441308026,573.72,-125.60681558691977,1.4015729612572303,0.3839922333651641,29.0,nan,24335.766,32133.991,3d7.(2P).4s,c 3P,2,3d6.(5D).4s.4p.(3P*),z 3F*,2,,L11631,plausible
N III,Ritz vacuum,1281.2503774269687,1283.7046876138868,1284.2613044,-0.5566167861131817,0.5566167861131817,703.6818122533723,573.72,129.96181225337227,1.4015729612572303,0.39713721761148185,nan,10800000.0,378432.8,386237.7,2s.2p.(3P*).4p,4S,3/2,2s.2p.(3P*).4d,4P*,5/2,B,,plausible
C I,Ritz vacuum,1281.2203692775254,1283.6746219820745,1284.2613044,-0.5866824179254309,0.5866824179254309,710.7032909046856,573.72,136.98329090468553,1.4015729612572303,0.4185885673758779,nan,4500.0,80801.28887,88606.32,2s2.2p.4p,3D,2,2s2.2p.(2P*<3/2>).7d,2[5/2]*,3,D,,plausible
Fe I,Ritz vacuum,1282.4147936535753,1284.8713343480174,1284.2613044,0.6100299480174272,0.6100299480174272,431.3514348832591,573.72,-142.3685651167409,1.4015729612572303,0.4352466584902022,9.0,nan,41130.599,48928.388,3d6.(5D).4s.4p.(1P*),x 5F*,1,3d7.(4F).5s,e 3F,2,,L11631,plausible
Fe I,Ritz vacuum,1281.1746568632095,1283.62882200295,1284.2613044,-0.6324823970498983,0.6324823970498983,721.3996579581086,573.72,147.67965795810858,1.4015729612572303,0.45126612351493484,204.0,nan,40231.336,48036.673,3d6.(5D).4s.4p.(1P*),x 5D*,2,3d7.(4F).5s,e 5F,2,,L11631,plausible
Mg II,Ritz vacuum,1281.0673277153862,1283.521287259854,1284.2613044,-0.7400171401459374,0.7400171401459374,746.5153780002621,573.72,172.79537800026208,1.4015729612572303,0.5279904511586268,2.0,nan,109072.05,116878.04,2p6.6g,2G,9/2,2p6.10h,2H*,11/2,,L6692,plausible
Fe I,Ritz vacuum,1281.0655072209872,1283.5194632781913,1284.2613044,-0.7418411218086476,0.7418411218086476,746.9414036122928,573.72,173.22140361229276,1.4015729612572303,0.5292918330439293,355.0,nan,29356.744,37162.746,3d6.4s2,b 3D,2,3d7.(4F).4p,y 3F*,3,,L11631,plausible
Fe II,Ritz vacuum,1282.6304322158917,1285.0873859786375,1284.2613044,0.8260815786375133,0.8260815786375133,380.94554314116823,573.72,-192.7744568588318,1.4015729612572303,0.5893960581948632,1.4,nan,106361.238,114157.716,3d6.(5D).6p,6D*,9/2,3d6.(5D).6d,4G,11/2,,L18349c139,plausible
Fe II,Ritz vacuum,1280.9793538239635,1283.4331448492865,1284.2613044,-0.828159550713508,0.828159550713508,767.1034033967331,573.72,193.38340339673312,1.4015729612572303,0.5908786581974566,2.1,nan,105127.773,112934.3,3d6.(5D).5d,4D,5/2,3d6.(5D<4>).5f,2[2]*,5/2,,L18349c139,plausible
Fe II,Ritz vacuum,1282.6769948612102,1285.134037817432,1284.2613044,0.8727334174320731,0.8727334174320731,370.0625527879933,573.72,-203.65744721200673,1.4015729612572303,0.6226814026500762,9.0,6000.0,65696.053,73492.248,3d6.(3G).4p,x 4G*,9/2,3d5.4s2,4F,7/2,D,L18349c139,plausible
Al III,Ritz vacuum,1282.6957699600864,1285.1528488811105,1284.2613044,0.8915444811104862,0.8915444811104862,365.67439942225684,573.72,-208.0456005777432,1.4015729612572303,0.6361027971820736,nan,22600000.0,170637.35,178433.43,2p6.5s,2S,1/2,2p6.5p,2P*,1/2,A+,,plausible
Fe I,Ritz vacuum,1282.8367682519279,1285.2941172634432,1284.2613044,1.0328128634432687,1.0328128634432687,332.72204625202227,573.72,-240.99795374797776,1.4015729612572303,0.736895539506428,407.0,nan,24338.767,32133.991,3d6.4s2,b 3G,3,3d6.(5D).4s.4p.(3P*),z 3F*,2,,L11631,plausible
Ar I,Ritz vacuum,1280.6239072940418,1283.0770174407055,1284.2613044,-1.184286959294468,1.184286959294468,850.30084079963,573.72,276.58084079963,1.4015729612572303,0.8449698959889653,200.0,5700000.0,105617.27,113425.964,3s2.3p5.(2P*<3/2>).4p,2[5/2],2,3s2.3p5.(2P*<3/2>).3d,2[5/2]*,2,D,L2634,distant
Fe I,Ritz vacuum,1283.0085949160757,1285.4662730716364,1284.2613044,1.2049686716363794,1.2049686716363794,292.56975748976345,573.72,-281.1502425102366,1.4015729612572303,0.8597259685685616,12.0,nan,46889.142,54683.322,3d6.(3F2).4s.4p.(3P*),x 3F*,4,3d7.(4F).4d,f 3F,4,,L11631,distant
Cs II,Ritz vacuum,1280.466464536794,1282.919273092629,1284.2613044,-1.3420313073709167,1.3420313073709167,887.1599500017281,573.72,313.4399500017281,1.4015729612572303,0.9575179776349967,3100.0,nan,170492.1254,178301.7795,5p5.(2P*<1/2>).7p,2[1/2],1,5p5.(2P*<1/2>).8s,2[1/2]*,0,,L12126,distant
Fe II,Ritz vacuum,1280.0843807732044,1282.5364574251978,1284.2613044,-1.7248469748021762,1.7248469748021762,976.6287641460124,573.72,402.90876414601235,1.4015729612572303,1.2306508633378348,1.8,nan,106361.238,114173.223,3d6.(5D).6p,6D*,9/2,3d6.(5D).6d,6D,7/2,,L18349c139,distant
Fe II,Ritz vacuum,1279.949204062928,1282.4010217760108,1284.2613044,-1.8602826239891783,1.8602826239891783,1008.2881254548784,573.72,434.5681254548783,1.4015729612572303,1.327282043398211,2.1,nan,107217.854,115030.664,3d6.(5D).6p,6F*,9/2,3d6.(3D).4d,4F,9/2,,L18349c139,distant
Fe II,Ritz vacuum,1279.8024342043027,1282.2539707711196,1284.2613044,-2.0073336288803603,2.0073336288803603,1042.666446526764,573.72,468.946446526764,1.4015729612572303,1.4322005948800227,7.0,nan,65580.065,73393.771,3d6.(3G).4p,x 4G*,11/2,3d5.4s2,4F,9/2,,L18349c139,distant
Fe II,Ritz vacuum,1279.7013867626376,1282.152729767158,1284.2613044,-2.1085746328419646,2.1085746328419646,1066.3373516947242,573.72,492.6173516947242,1.4015729612572303,1.5044344398243414,1.0,nan,107165.76,114980.083,3d6.(5D).6p,4F*,7/2,3d6.(5D).6d,6P,7/2,,L18349c139,distant
Mg II,Ritz vacuum,1279.5589180721433,1282.0099881695376,1284.2613044,-2.2513162304624075,2.2513162304624075,1099.7145594906303,573.72,525.9945594906303,1.4015729612572303,1.6062782978083037,nan,nan,109062.35,116877.54,2p6.6f,2F*,7/2,2p6.10g,2G,9/2,,L6692,distant
Mg II,Ritz vacuum,1279.554916985561,1282.0059794186395,1284.2613044,-2.2553249813604452,2.2553249813604452,1100.651977287709,573.72,526.9319772877091,1.4015729612572303,1.6091384777695679,nan,nan,109062.32,116877.54,2p6.6f,2F*,5/2,2p6.10g,2G,7/2,,L6692,distant
O I,Ritz vacuum,1279.4406859636474,1281.8915295805089,1284.2613044,-2.369774819491113,2.369774819491113,1127.4164827910126,573.72,553.6964827910126,1.4015729612572303,1.6907966156577336,nan,58900.0,99681.309,107497.224,2s2.2p3.(4S*).4p,3P,0,2s2.2p3.(4S*).8s,3S*,1,C+,,distant
He I,Ritz vacuum,1279.4020004577626,1281.8527699702702,1284.2613044,-2.408534429729798,2.408534429729798,1136.4810943972495,573.72,562.7610943972495,1.4015729612572303,1.7184509806534147,nan,1320000.0,nan,nan,1s.3d,1D,2,1s.5f,3F*,3,AA,,distant
He I,Ritz vacuum,1279.4007751249974,1281.8515422903083,1284.2613044,-2.4097621096916555,2.4097621096916555,1136.768213236326,573.72,563.0482132363259,1.4015729612572303,1.7193269107660765,nan,173.2,nan,nan,1s.3d,1D,2,1s.5f,3F*,2,AA,,distant
He I,Ritz vacuum,1279.3999348968155,1281.85070045262,1284.2613044,-2.4106039473799683,2.4106039473799683,1136.9650948837188,573.72,563.2450948837188,1.4015729612572303,1.7199275485577457,20.0,3247500.0,nan,nan,1s.3d,1D,2,1s.5f,1F*,3,AAA,L885,distant
O I,Ritz vacuum,1279.3981744187192,1281.848936602225,1284.2613044,-2.412367797775005,2.412367797775005,1137.3776092278042,573.72,563.6576092278042,1.4015729612572303,1.7211860277406306,nan,295000.0,99681.049,107497.224,2s2.2p3.(4S*).4p,3P,2,2s2.2p3.(4S*).8s,3S*,1,C+,,distant
O I,Ritz vacuum,1279.3848708058367,1281.8356075054921,1284.2613044,-2.425696894507837,2.425696894507837,1140.4949233355271,573.72,566.7749233355271,1.4015729612572303,1.7306961261095914,nan,177000.0,99680.968,107497.224,2s2.2p3.(4S*).4p,3P,1,2s2.2p3.(4S*).8s,3S*,1,C+,,distant
Fe I,Ritz vacuum,1279.294886368631,1281.7454506978236,1284.2613044,-2.5158537021764005,2.5158537021764005,1161.580999358192,573.72,587.860999358192,1.4015729612572303,1.7950215734182293,123.0,nan,40404.518,48221.324,3d6.(5D).4s.4p.(1P*),x 5D*,1,3d7.(4F).5s,e 5F,1,,L11631,distant
C I,Ritz vacuum,1279.2848436413133,1281.735388733073,1284.2613044,-2.5259156669269487,2.5259156669269487,1163.9344054933133,573.72,590.2144054933133,1.4015729612572303,1.8022006251184866,nan,7000.0,81325.81077,89142.68,2s2.2p.4p,3P,1,2s2.2p.(2P*<3/2>).8d,2[5/2]*,2,D,,distant
Fe I,Ritz vacuum,1284.4086551417004,1286.869015194675,1284.2613044,2.6077107946750857,2.6077107946750857,-34.39495271320661,573.72,-608.1149527132067,1.4015729612572303,1.860560146890914,229.0,nan,39969.853,47755.537,3d6.(5D).4s.4p.(1P*),x 5D*,3,3d7.(4F).5s,e 5F,3,,L11631,distant
Fe II,Ritz vacuum,1279.13910406263,1281.5893699816854,1284.2613044,-2.6719344183145495,2.6719344183145495,1198.08898609375,573.72,624.36898609375,1.4015729612572303,1.9063826801551504,2.3,nan,99918.563,107736.321,3d6.(3F2).5s,f 4F,3/2,3d6.(5D).6p,4F*,3/2,,L18349c139,distant
Fe II,Ritz vacuum,1279.122609583205,1281.5728439061186,1284.2613044,-2.6884604938813936,2.6884604938813936,1201.9547682946852,573.72,628.2347682946852,1.4015729612572303,1.9181737720381018,nan,0.00355,862.6118,8680.4706,3d6.(5D).4s,a 6D,3/2,3d6.(5D).4s,a 4D,3/2,C+,L22760,distant
Fe II,Ritz vacuum,1284.5426315268992,1287.0032482194915,1284.2613044,2.741943819491553,2.741943819491553,-65.66460653851239,573.72,-639.3846065385125,1.4015729612572303,1.956333273604245,2.1,nan,105155.093,112939.965,3d6.(3F2).4d,4G,9/2,3d6.(5D<4>).5f,2[5]*,9/2,,L18349c139,distant
C I,Ritz vacuum,1279.0097689389527,1281.4597871089989,1284.2613044,-2.801517291001119,2.801517291001119,1228.4023584025517,573.72,654.6823584025517,1.4015729612572303,1.9988379973370198,nan,60000.0,81344.05485,89162.6,2s2.2p.4p,3P,2,2s2.2p.(2P*<3/2>).8d,2[3/2]*,2,D,,distant
Cs II,Ritz vacuum,1284.6152012353336,1287.0759569394556,1284.2613044,2.8146525394556647,2.8146525394556647,-82.60077889830794,573.72,-656.3207788983079,1.4015729612572303,2.008209788044771,4500.0,nan,163189.3511,170973.7833,5p5.(2P*<1/2>).7s,2[1/2]*,1,5p5.(2P*<1/2>).4f,2[5/2],2,,L12126,distant
Fe II,Ritz vacuum,1284.645269401229,1287.1060827026847,1284.2613044,2.8447783026847446,2.8447783026847446,-89.6177464036607,573.72,-663.3377464036607,1.4015729612572303,2.029704040618006,1.2,nan,105127.773,112912.023,3d6.(5D).5d,4D,5/2,3d6.(5D<4>).5f,2[3]*,7/2,,L18349c139,distant
He I,Ritz vacuum,1278.8487662153063,1281.2984759751998,1284.2613044,-2.9628284248001364,2.9628284248001364,1266.1421834360578,573.72,692.4221834360578,1.4015729612572303,2.1139309238260693,50.0,3842600.0,nan,nan,1s.3d,3D,1,1s.5f,3F*,2,AAA,L885,distant
He I,Ritz vacuum,1278.842762584896,1281.2924608444835,1284.2613044,-2.9688435555165142,2.9688435555165142,1267.549554854935,573.72,693.8295548549349,1.4015729612572303,2.1182226238535744,nan,2898000.0,nan,nan,1s.3d,3D,2,1s.5f,3F*,3,AAA,L7384,distant
He I,Ritz vacuum,1278.842352473522,1281.2920499475172,1284.2613044,-2.969254452482801,2.969254452482801,1267.6456934281046,573.72,693.9256934281045,1.4015729612572303,2.11851579229906,nan,354570.0,nan,nan,1s.3d,3D,3,1s.5f,3F*,3,AAA,L7384,distant
He I,Ritz vacuum,1278.841849336885,1281.2915458470923,1284.2613044,-2.969758552907706,2.969758552907706,1267.7636390852388,573.72,694.0436390852387,1.4015729612572303,2.1188754599288155,nan,4574600.0,nan,nan,1s.3d,3D,3,1s.5f,3F*,4,AAA,L7384,distant
He I,Ritz vacuum,1278.8415382524033,1281.2912341667102,1284.2613044,-2.970070233289789,2.970070233289789,1267.836563759219,573.72,694.1165637592189,1.4015729612572303,2.119097838920633,nan,711420.0,nan,nan,1s.3d,3D,2,1s.5f,3F*,2,AAA,L7384,distant
He I,Ritz vacuum,1278.841128141029,1281.2908232697434,1284.2613044,-2.9704811302565304,2.9704811302565304,1267.9327024236957,573.72,694.2127024236956,1.4015729612572303,2.1193910073664433,nan,20331.0,nan,nan,1s.3d,3D,3,1s.5f,3F*,2,AAA,L7384,distant
He I,Ritz vacuum,1278.840700024765,1281.2903943333977,1284.2613044,-2.9709100666023005,2.9709100666023005,1268.0330618426656,573.72,694.3130618426655,1.4015729612572303,2.11969704662207,nan,1168000.0,nan,nan,1s.3d,3D,2,1s.5f,1F*,3,AA,,distant
He I,Ritz vacuum,1278.8402889131194,1281.2899824342435,1284.2613044,-2.9713219657564878,2.9713219657564878,1268.1294350543333,573.72,694.4094350543332,1.4015729612572303,2.1199909301126723,nan,153700.0,nan,nan,1s.3d,3D,3,1s.5f,1F*,3,AA,,distant
C I,Ritz vacuum,1284.853355913282,1287.3145678166468,1284.2613044,3.053263416646814,3.053263416646814,-138.17411246386325,573.72,-711.8941124638633,1.4015729612572303,2.1784548511181288,nan,50000.0,80801.28887,88584.28,2s2.2p.4p,3D,2,2s2.2p.(2P*<3/2>).8s,2[3/2]*,2,D,,distant
Fe II,Ritz vacuum,1284.85555651092,1287.3167726296585,1284.2613044,3.0554682296585725,3.0554682296585725,-138.6875732929104,573.72,-712.4075732929105,1.4015729612572303,2.1800279501095505,10.0,nan,107197.107,114980.083,3d6.(5D).6p,6P*,7/2,3d6.(5D).6d,6P,7/2,,L18349c139,distant
Fe I,Ritz vacuum,1278.6941832351124,1281.1435968822477,1284.2613044,-3.117707517752251,3.117707517752251,1302.3816226669505,573.72,728.6616226669505,1.4015729612572303,2.224434691545151,nan,nan,51539.72,59360.198,3d6.(5D).4s (6D).4d,e 7G,2,3d6.4s.(4D).5p,5P*,1,,L11631,distant
Fe II,Ritz vacuum,1284.9379388843104,1287.3993128113132,1284.2613044,3.1380084113131943,3.1380084113131943,-157.90904631425698,573.72,-731.629046314257,1.4015729612572303,2.238919055985753,1.0,nan,106863.62,114646.097,3d6.(5D).6p,4D*,7/2,3d6.(5D).6d,4G,7/2,,L18349c139,distant
He I,Ritz vacuum,1284.9457950178785,1287.4071839937656,1284.2613044,3.145879593765585,3.145879593765585,-159.7419766532205,573.72,-733.4619766532205,1.4015729612572303,2.244535019385425,nan,1517600.0,nan,nan,1s.3p,3P*,2,1s.5s,3S,1,AAA,L885,distant
He I,Ritz vacuum,1284.9494250037094,1287.4108209330473,1284.2613044,3.14951653304729,3.14951653304729,-160.5888921660984,573.72,-734.3088921660984,1.4015729612572303,2.2471299176763013,nan,910570.0,nan,nan,1s.3p,3P*,1,1s.5s,3S,1,AAA,L885,distant
Ar II,Ritz vacuum,1278.6272450566817,1281.0765304798133,1284.2613044,-3.1847739201866716,3.1847739201866716,1318.0755260740311,573.72,744.3555260740311,1.4015729612572303,2.2722855022330664,447.0,nan,181594.1404,189415.028,3s2.3p4.(3P).5s,4P,5/2,3s2.3p4.(3P).5p,4D*,7/2,,L11520,distant
He I,Ritz vacuum,1284.994121142284,1287.4556026896946,1284.2613044,3.1942982896946432,3.1942982896946432,-171.01679527539943,573.72,-744.7367952753995,1.4015729612572303,2.2790809882842726,nan,303520.0,nan,nan,1s.3p,3P*,0,1s.5s,3S,1,AAA,,distant
Si II,Ritz vacuum,1285.0234020944051,1287.4849397311957,1284.2613044,3.2236353311957373,3.2236353311957373,-177.8480371310023,573.72,-751.5680371310023,1.4015729612572303,2.3000125004581222,nan,1620000.0,118522.86,126304.82,3s2.6d,2D,3/2,3s2.9f,2F*,5/2,D,,distant
Si II,Ritz vacuum,1285.0344050825968,1287.495963796256,1284.2613044,3.23465939625612,3.23465939625612,-180.41499238658966,573.72,-754.1349923865897,1.4015729612572303,2.3078779954163684,nan,116000.0,118522.93,126304.82,3s2.6d,2D,5/2,3s2.9f,2F*,5/2,E,,distant
Si II,Ritz vacuum,1285.0344050825968,1287.495963796256,1284.2613044,3.23465939625612,3.23465939625612,-180.41499238658966,573.72,-754.1349923865897,1.4015729612572303,2.3078779954163684,nan,1740000.0,118522.93,126304.82,3s2.6d,2D,5/2,3s2.9f,2F*,7/2,D,,distant
Ar II,Ritz vacuum,1285.0572012735875,1287.5188036546865,1284.2613044,3.257499254686536,3.257499254686536,-185.73318693239247,573.72,-759.4531869323926,1.4015729612572303,2.32417387088041,48.0,nan,182951.2609,190733.0156,3s2.3p4.(3P).5s,4P,1/2,3s2.3p4.(3P).5p,4D*,1/2,,L9974,distant
Fe II,Ritz vacuum,1278.4212191061663,1280.8701098745153,1284.2613044,-3.391194525484707,3.391194525484707,1366.3841826243122,573.72,792.6641826243122,1.4015729612572303,2.4195633186607415,1.7,nan,104064.664,111886.812,3d6.(3H).4d,4I,13/2,3d6.(3F2).5p,4G*,11/2,,L18349c139,distant
C I,Ritz vacuum,1278.3946018777242,1280.8434416592122,1284.2613044,-3.4178627407877684,3.4178627407877684,1372.6259132590963,573.72,798.9059132590962,1.4015729612572303,2.4385906658201355,nan,6000.0,80782.44916,88604.76,2s2.2p.4p,3D,1,2s2.2p.(2P*<3/2>).7d,2[5/2]*,2,D,,distant
C I,Ritz vacuum,1285.3144811457216,1287.7765763614939,1284.2613044,3.5152719614939087,3.5152719614939087,-245.74826245222107,573.72,-819.4682624522211,1.4015729612572303,2.508090594399496,nan,5000.0,81311.0544,89091.25,2s2.2p.4p,3P,0,2s2.2p.(2P*<1/2>).8d,2[3/2]*,1,D,,distant
Ni II,Ritz vacuum,1278.2655668356856,1280.7141594429884,1284.2613044,-3.5471449570115965,3.5471449570115965,1402.8864101158747,573.72,829.1664101158747,1.4015729612572303,2.530831469401178,nan,2.1e-05,1506.94,9330.04,3p6.3d9,2D,3/2,3p6.3d8.(3F).4s,4F,7/2,E,,distant
Fe II,Ritz vacuum,1278.0325135454818,1280.4806597255488,1284.2613044,-3.780644674451196,3.780644674451196,1457.548289416587,573.72,883.828289416587,1.4015729612572303,2.6974298013425613,2.7,nan,103771.342,111595.869,3d6.(3H).4d,4G,9/2,3d6.(3H).5p,4H*,11/2,,L18349c139,distant
Ne I,Ritz vacuum,1278.0148987618443,1280.463011199761,1284.2613044,-3.798293200238959,3.798293200238959,1461.6801799902855,573.72,887.9601799902855,1.4015729612572303,2.7100217435928826,16.0,nan,163038.3544,170862.9893,2s2.2p5.(2P*<3/2>).4p,2[3/2],2,2s2.2p5.(2P*<3/2>).6d,2[3/2]*,2,,L9097,distant
Ne I,Ritz vacuum,1285.6553337147027,1288.1180818535468,1284.2613044,3.8567774535467834,3.8567774535467834,-325.23961720071134,573.72,-898.9596172007114,1.4015729612572303,2.7517493274750398,5.0,73400.0,162517.8755,170296.0099,2s2.2p5.(2P*<3/2>).4p,2[1/2],1,2s2.2p5.(2P*<1/2>).5d,2[3/2]*,1,C+,L9097,distant
Fe II,Ritz vacuum,1277.935277139048,1280.38323705708,1284.2613044,-3.878067342920076,3.878067342920076,1480.3576859336501,573.72,906.6376859336501,1.4015729612572303,2.766939324686598,nan,0.0073,22939.3512,30764.4737,3d6.(3F2).4s,b 4F,5/2,3d6.(3G).4s,b 2G,7/2,C,,distant
C I,Ritz vacuum,1277.7994402499276,1280.2471399644376,1284.2613044,-4.014164435562407,4.014164435562407,1512.224733912098,573.72,938.5047339120979,1.4015729612572303,2.864042434124618,nan,34000.0,81344.05485,89170.01,2s2.2p.4p,3P,2,2s2.2p.(2P*<3/2>).8d,2[1/2]*,1,D,,distant
C I,Ritz vacuum,1285.9796617961124,1288.4430312044042,1284.2613044,4.181726804404207,4.181726804404207,-400.85763476735434,573.72,-974.5776347673543,1.4015729612572303,2.9835955173201545,nan,30000.0,80782.44916,88558.62,2s2.2p.4p,3D,1,2s2.2p.(2P*<1/2>).7d,2[3/2]*,1,D,,distant
Mg II,Ritz vacuum,1285.981662339423,1288.4450355798726,1284.2613044,4.183731179872666,4.183731179872666,-401.32400781681395,573.72,-975.044007816814,1.4015729612572303,2.985025607314657,nan,130000.0,109062.32,116838.48,2p6.6f,2F*,5/2,2p6.10d,2D,3/2,D+,,distant
Mg II,Ritz vacuum,1285.986663697699,1288.4500465185436,1284.2613044,4.188742118543587,4.188742118543587,-402.48993725766434,573.72,-976.2099372576644,1.4015729612572303,2.9886008323007514,nan,6170.0,109062.32,116838.45,2p6.6f,2F*,5/2,2p6.10d,2D,5/2,E,,distant
Mg II,Ritz vacuum,1285.991665055975,1288.4550574572145,1284.2613044,4.193753057214508,4.193753057214508,-403.65586215196964,573.72,-977.3758621519696,1.4015729612572303,2.992176057286845,nan,124000.0,109062.35,116838.45,2p6.6f,2F*,7/2,2p6.10d,2D,5/2,D+,,distant
Na I,Ritz vacuum,1277.506960821608,1279.9541002746319,1284.2613044,-4.307204125368116,4.307204125368116,1580.8511759373848,573.72,1007.1311759373848,1.4015729612572303,3.0731215886931027,nan,2330.0,33200.673,nan,2p6.5s,2S,1/2,2p6.17p,2P*,1/2,C',,poor
Na I,Ritz vacuum,1277.4999589201107,1279.9470849605818,1284.2613044,-4.314219439418139,4.314219439418139,1582.494270376969,573.72,1008.7742703769691,1.4015729612572303,3.0781269036099443,nan,2330.0,33200.673,nan,2p6.5s,2S,1/2,2p6.17p,2P*,3/2,C',,poor
N I,Ritz vacuum,1277.499758865782,1279.9468845230374,1284.2613044,-4.314419876962575,4.314419876962575,1582.5412160633525,573.72,1008.8212160633525,1.4015729612572303,3.078269912607675,nan,663000.0,96787.68,104615.47,2s2.2p2.(3P).3p,2D*,3/2,2s2.2p2.(3P).3d,2P,3/2,C+,,poor
Ne I,Ritz vacuum,1277.3017750996225,1279.748521507371,1284.2613044,-4.512782892629048,4.512782892629048,1629.0045802496252,573.72,1055.2845802496252,1.4015729612572303,3.2197987670802517,1600.0,244000.0,150772.1118,158601.1152,2s2.2p5.(2P*<1/2>).3p,2[3/2],1,2s2.2p5.(2P*<3/2>).4s,2[3/2]*,2,C+,L9097,poor
N I,Ritz vacuum,1277.08924738385,1279.5355866823033,1284.2613044,-4.725717717696625,4.725717717696625,1678.889086165275,573.72,1105.169086165275,1.4015729612572303,3.371724375631213,nan,169000.0,112319.805,120150.1,2s2.2p2.(1D).3p,2P*,3/2,2s2.2p2.(1D).3d,2D,5/2,C+,,poor
Fe II,Ritz vacuum,1286.556698508823,1289.0211732647558,1284.2613044,4.759868864755845,4.759868864755845,-535.3481207865706,573.72,-1109.0681207865705,1.4015729612572303,3.3960906754980322,6.0,nan,103878.37,111651.055,3d6.(3H).4d,4I,15/2,3d5.(4G).4s.(5G).4p,4H*,13/2,,L18349c139,poor
Ne I,Ritz vacuum,1277.0077452504795,1279.4539284268199,1284.2613044,-4.807375973180115,4.807375973180115,1698.02144481886,573.72,1124.3014448188599,1.4015729612572303,3.429986241221315,nan,nan,161699.6613,169530.4673,2s2.2p5.(2P*<3/2>).3d,2[5/2]*,2,2s2.2p5.(2P*<3/2>).5f,2[3/2],1,,L9097,poor
Ne I,Ritz vacuum,1277.004664413823,1279.4508416886404,1284.2613044,-4.810462711359605,4.810462711359605,1698.7446848059576,573.72,1125.0246848059576,1.4015729612572303,3.4321885797829275,nan,nan,161699.6613,169530.4862,2s2.2p5.(2P*<3/2>).3d,2[5/2]*,2,2s2.2p5.(2P*<3/2>).5f,2[3/2],2,,L9097,poor
Fe II,Ritz vacuum,1286.7081696457203,1289.172934553493,1284.2613044,4.911630153492979,4.911630153492979,-570.64161155803,573.72,-1144.36161155803,1.4015729612572303,3.504369939533636,5.0,31000.0,102394.764,110166.534,3d6.(5D).6s,4D,7/2,3d6.(3F2).5p,4F*,9/2,E,L18349c139,poor
C I,Ritz vacuum,1286.721863364695,1289.186654503589,1284.2613044,4.925350103588926,4.925350103588926,-573.8321072471673,573.72,-1147.5521072471674,1.4015729612572303,3.5141589055562394,nan,35000.0,80834.62491,88606.32,2s2.2p.4p,3D,3,2s2.2p.(2P*<3/2>).7d,2[5/2]*,3,D,,poor
Ne I,Ritz vacuum,1286.761374095121,1289.2262409191344,1284.2613044,4.964936519134426,4.964936519134426,-583.0375100436315,573.72,-1156.7575100436316,1.4015729612572303,3.5424031829786506,7.0,83000.0,162517.8755,170289.3243,2s2.2p5.(2P*<3/2>).4p,2[1/2],1,2s2.2p5.(2P*<1/2>).5d,2[5/2]*,2,C+,L9097,poor
Fe II,Ritz vacuum,1286.7652951600144,1289.2301694950575,1284.2613044,4.968865095057481,4.968865095057481,-583.9510434010867,573.72,-1157.6710434010868,1.4015729612572303,3.545206159371354,1.4,nan,99688.355,107459.78,3d6.(3F2).5s,f 4F,7/2,3d5.(2F1).4s.4p.(3P*),4G*,7/2,,L18349c145,poor
Fe II,Ritz vacuum,1276.81681339954,1279.26263083473,1284.2613044,-4.998673565269883,4.998673565269883,1742.8467979250195,573.72,1169.1267979250194,1.4015729612572303,3.5664740284273204,1.8,nan,99918.563,107750.54,3d6.(3F2).5s,f 4F,3/2,3d6.(5D).6p,4D*,1/2,,L18349c139,poor
Ne I,Ritz vacuum,1286.8247313018394,1289.2897194902955,1284.2613044,5.028415090295539,5.028415090295539,-597.7981889450837,573.72,-1171.5181889450837,1.4015729612572303,3.5876941331580636,11.0,141000.0,162517.8755,170288.9415,2s2.2p5.(2P*<3/2>).4p,2[1/2],1,2s2.2p5.(2P*<1/2>).5d,2[3/2]*,2,C+,L9097,poor
Ne II,Ritz vacuum,1286.8574201795739,1289.322470985491,1284.2613044,5.061166585491037,5.061166585491037,-605.413612267981,573.72,-1179.1336122679809,1.4015729612572303,3.611061803697398,115.0,nan,246394.1202,254164.9888,2s2.2p4.(1D).3s,2D,5/2,2s2.2p4.(3P).3p,2P*,3/2,,L11301,poor
Fe I,Observed vacuum,1286.8576802502048,1289.3227315543024,1284.2613044,5.061427154302464,5.061427154302464,-605.4741993125151,573.72,-1179.1941993125151,1.4015729612572303,3.6112477153970595,580.0,nan,nan,nan,,,,,,,,L11631,poor
Fe II,Ritz vacuum,1286.9123350935195,1289.3774910921725,1284.2613044,5.116186692172505,5.116186692172505,-618.2065269673859,573.72,-1191.926526967386,1.4015729612572303,3.65031777409805,5.0,nan,103874.261,111644.798,3d6.(3H).4d,4H,9/2,3d5.(2H).4s.4p.(3P*),4I*,9/2,,L18349c139,poor
O II,Ritz vacuum,1276.7021422585792,1279.1477400344784,1284.2613044,-5.113564365521597,5.113564365521597,1769.771495907676,573.72,1196.0514959076759,1.4015729612572303,3.6484467857703673,nan,6630000.0,248010.23,255842.91,2s2.2p2.(3P).4p,2D*,3/2,2s2.2p2.(3P).4d,2D,3/2,D,,poor
Na I,Ritz vacuum,1286.9425232921167,1289.4077371180333,1284.2613044,5.1464327180333385,5.1464327180333385,-625.2389012345193,573.72,-1198.9589012345193,1.4015729612572303,3.6718978321449045,nan,2780.0,33200.673,nan,2p6.5s,2S,1/2,2p6.16p,2P*,3/2,C',,poor
Na I,Ritz vacuum,1286.951125628364,1289.41635593256,1284.2613044,5.155051532560037,5.155051532560037,-627.2427946556186,573.72,-1200.9627946556186,1.4015729612572303,3.6780472191300584,nan,2780.0,33200.673,nan,2p6.5s,2S,1/2,2p6.16p,2P*,1/2,C',,poor
Al III,Ritz vacuum,1276.6551294914427,1279.1006372116312,1284.2613044,-5.160667188368734,5.160667188368734,1780.8107491585215,573.72,1207.0907491585215,1.4015729612572303,3.682053900169096,nan,22900000.0,170637.35,178470.32,2p6.5s,2S,1/2,2p6.5p,2P*,3/2,A+,,poor
C I,Ritz vacuum,1286.9789331804197,1289.4442167516113,1284.2613044,5.182912351611321,5.182912351611321,-633.720404629568,573.72,-1207.440404629568,1.4015729612572303,3.6979254700819695,nan,6000.0,80834.62491,88604.76,2s2.2p.4p,3D,3,2s2.2p.(2P*<3/2>).7d,2[5/2]*,2,D,,poor
Fe II,Ritz vacuum,1276.5602037127035,1279.0055295969996,1284.2613044,-5.2557748030003495,5.2557748030003495,1803.1018700100053,573.72,1229.3818700100053,1.4015729612572303,3.749911669447338,nan,0.00109,13474.4474,21307.999,3d7,a 4P,5/2,3d7,a 2D2,3/2,C,,poor
N I,Ritz vacuum,1276.4530746199594,1278.8981952922,1284.2613044,-5.363109107800028,5.363109107800028,1828.2606235924143,573.72,1254.5406235924142,1.4015729612572303,3.8264929875568128,nan,163000.0,103667.16,111501.368,2s2.2p2.(3P).4s,4P,3/2,2s2.2p2.(3P).5p,4S*,3/2,D+,,poor
Fe II,Ritz vacuum,1287.1970924287832,1289.6627938968004,1284.2613044,5.401489496800423,5.401489496800423,-684.5344752313684,573.72,-1258.2544752313684,1.4015729612572303,3.853876784234773,0.8,nan,100749.825,108518.643,3d6.(3F2).5s,e 2F,5/2,3d5.(2F1).4s.4p.(3P*),4F*,7/2,,L18349c139,poor
Co II,Ritz vacuum,1287.2441051966653,1289.7098967203947,1284.2613044,5.4485923203947095,5.4485923203947095,-695.4836463298418,573.72,-1269.2036463298418,1.4015729612572303,3.887483899166581,4.0,41000.0,90199.163,97967.697,3d7.(4F).4d,f 5F,4,3d7.(4F).5p,3F*,3,D,L9429c118,poor
Ne I,Ritz vacuum,1276.34400500025,1278.788916743242,1284.2613044,-5.472387656757974,5.472387656757974,1853.877243476576,573.72,1280.157243476576,1.4015729612572303,3.904461492928036,37.0,nan,163038.3544,170873.2327,2s2.2p5.(2P*<3/2>).4p,2[3/2],2,2s2.2p5.(2P*<3/2>).6d,2[5/2]*,3,,L9097,poor
Ne II,Ritz vacuum,1287.4142113946932,1289.8803287668143,1284.2613044,5.619024366814301,5.619024366814301,-735.0976522641408,573.72,-1308.8176522641409,1.4015729612572303,4.00908445163922,12.0,nan,246397.481,254164.9888,2s2.2p4.(1D).3s,2D,3/2,2s2.2p4.(3P).3p,2P*,3/2,,L11301,poor
N I,Ritz vacuum,1276.1589947576144,1278.6035521026438,1284.2613044,-5.657752297356183,5.657752297356183,1897.334590565277,573.72,1323.614590565277,1.4015729612572303,4.036716213675455,nan,20600.0,112319.805,120155.8,2s2.2p2.(1D).3p,2P*,3/2,2s2.2p2.(1D).3d,2D,3/2,C+,,poor
C I,Ritz vacuum,1287.5570901982449,1290.0234812630877,1284.2613044,5.762176863087689,5.762176863087689,-768.3669305379087,573.72,-1342.0869305379088,1.4015729612572303,4.111221479272072,nan,80000.0,80782.44916,88549.095,2s2.2p.4p,3D,1,2s2.2p.(2P*<1/2>).8s,2[1/2]*,1,D,,poor
Al I,Ritz vacuum,1276.0757721571383,1278.5201700843993,1284.2613044,-5.741134315600675,5.741134315600675,1916.884906726475,573.72,1343.164906726475,1.4015729612572303,4.096207956559606,17.0,62900.0,32435.453,40271.978,3s2.3d,2D,3/2,3s2.5p,2P*,1/2,C+,L6693,poor
C I,Ritz vacuum,1276.028959444375,1278.4732676991412,1284.2613044,-5.788036700858811,5.788036700858811,1927.8825127322923,573.72,1354.1625127322923,1.4015729612572303,4.129672061928807,nan,21000.0,81325.81077,89162.6,2s2.2p.4p,3P,1,2s2.2p.(2P*<3/2>).8d,2[3/2]*,2,D,,poor
Fe II,Ritz vacuum,1276.025818591425,1278.470120829703,1284.2613044,-5.79118357029688,5.79118357029688,1928.6204005550626,573.72,1354.9004005550626,1.4015729612572303,4.1319173031863485,1.5,nan,99688.355,107525.187,3d6.(3F2).5s,f 4F,7/2,3d6.(5D).6p,6P*,5/2,,L18349c139,poor
N I,Ritz vacuum,1287.6831244271102,1290.1497569179046,1284.2613044,5.888452517904625,5.888452517904625,-797.7108754466922,573.72,-1371.4308754466922,1.4015729612572303,4.201317149142633,nan,238000.0,103735.48,111501.368,2s2.2p2.(3P).4s,4P,5/2,2s2.2p2.(3P).5p,4S*,3/2,D+,,poor
He I,Ritz vacuum,1275.9177762507609,1278.3618715276036,1284.2613044,-5.899432872396346,5.899432872396346,1954.004128267619,573.72,1380.284128267619,1.4015729612572303,4.2091514573058495,nan,127540.0,nan,nan,1s.3d,1D,2,1s.5p,1P*,1,AAA,,poor
Ne I,Ritz vacuum,1275.9140982519405,1278.358186483361,1284.2613044,-5.903117916639076,5.903117916639076,1954.8682835080579,573.72,1381.1482835080578,1.4015729612572303,4.211780677720764,170.0,nan,161701.4486,169538.9668,2s2.2p5.(2P*<3/2>).3d,2[5/2]*,3,2s2.2p5.(2P*<3/2>).5f,2[5/2],3,,L9097,poor
Si II,Ritz vacuum,1275.8909219580414,1278.3349657939125,1284.2613044,-5.926338606087484,5.926338606087484,1960.3136696596264,573.72,1386.5936696596264,1.4015729612572303,4.228348270054722,nan,22700000.0,113976.72,121814.38,3s2.6p,2P*,3/2,3s2.8s,2S,1/2,C+,,poor
Cs II,Ritz vacuum,1287.7487022369955,1290.215460345928,1284.2613044,5.954155945928051,5.954155945928051,-812.9779003699084,573.72,-1386.6979003699084,1.4015729612572303,4.248195499281814,4800.0,nan,158057.4164,165822.9066,5p5.(2P*<3/2>).7p,2[1/2],0,5p5.(2P*<3/2>).7d,2[1/2]*,1,,L12126,poor
C I,Ritz vacuum,1287.7571445297879,1290.223918810427,1284.2613044,5.9626144104270224,5.9626144104270224,-814.9432750968442,573.72,-1388.6632750968442,1.4015729612572303,4.254230479074365,nan,3600.0,81325.81077,89091.25,2s2.2p.4p,3P,1,2s2.2p.(2P*<1/2>).8d,2[3/2]*,1,D,,poor
C I,Ritz vacuum,1275.868915981962,1278.3129176640962,1284.2613044,-5.948386735903796,5.948386735903796,1965.4841741388082,573.72,1391.7641741388081,1.4015729612572303,4.244079259753992,nan,3500.0,80801.28887,88639.1,2s2.2p.4p,3D,2,2s2.2p.(2P*<3/2>).7d,2[3/2]*,2,D,,poor
Fe II,Ritz vacuum,1275.672262577575,1278.1158875585882,1284.2613044,-6.145416841411816,6.145416841411816,2011.6935898172107,573.72,1437.9735898172107,1.4015729612572303,4.384657104043511,2.8,nan,105155.093,112994.097,3d6.(3F2).4d,4G,9/2,3d6.(5D<4>).5f,2[6]*,11/2,,L18349c139,poor
Ne I,Ritz vacuum,1275.6231992536516,1278.0667302509924,1284.2613044,-6.194574149007622,6.194574149007622,2023.2235349665748,573.72,1449.5035349665748,1.4015729612572303,4.419730060610618,nan,nan,161699.6613,169538.9668,2s2.2p5.(2P*<3/2>).3d,2[5/2]*,2,2s2.2p5.(2P*<3/2>).5f,2[5/2],3,,L9097,poor
Ne I,Ritz vacuum,1275.6211486967904,1278.0646757661693,1284.2613044,-6.196628633830642,6.196628633830642,2023.7054280292405,573.72,1449.9854280292404,1.4015729612572303,4.421195902832044,nan,nan,161699.6613,169538.9794,2s2.2p5.(2P*<3/2>).3d,2[5/2]*,2,2s2.2p5.(2P*<3/2>).5f,2[5/2],2,,L9097,poor
Fe II,Ritz vacuum,1288.0270578339998,1290.4943491493918,1284.2613044,6.2330447493918655,6.2330447493918655,-877.7725508674312,573.72,-1451.4925508674312,1.4015729612572303,4.447178221675123,1.5,nan,103832.057,111595.869,3d6.(3H).4d,4K,13/2,3d6.(3H).5p,4H*,11/2,,L18349c139,poor
Fe II,Ritz vacuum,1288.1954735731229,1290.6630874987331,1284.2613044,6.401783098733176,6.401783098733176,-916.9689443462817,573.72,-1490.6889443462817,1.4015729612572303,4.5675703482398005,15.0,720000.0,83812.352,91575.149,3d6.(5D).4d,6D,5/2,3d6.(5D).5p,w 6P*,5/2,C+,L18349c139,poor
Fe II,Ritz vacuum,1288.2897391742276,1290.7575336711216,1284.2613044,6.496229271121592,6.496229271121592,-938.9056862064054,573.72,-1512.6256862064056,1.4015729612572303,4.6349561890052335,1.0,nan,107217.854,114980.083,3d6.(5D).6p,6F*,9/2,3d6.(5D).6d,6P,7/2,,L18349c148,poor
Al I,Ritz vacuum,1275.3333705461457,1277.7763463596116,1284.2613044,-6.484958040388392,6.484958040388392,2091.342584819041,573.72,1517.6225848190409,1.4015729612572303,4.626914345273396,nan,56700.0,32436.796,40277.883,3s2.3d,2D,5/2,3s2.5p,2P*,3/2,C+,L6693,poor
Fe I,Ritz vacuum,1288.3289098123817,1290.7967793429284,1284.2613044,6.535474942928431,6.535474942928431,-948.0206909398541,573.72,-1521.7406909398542,1.4015729612572303,4.662957351193491,910.0,2000.0,18378.186,26140.179,3d6.4s2,a 3P2,2,3d6.(5D).4s.4p.(3P*),z 5D*,3,C+,L11631,poor
Ne I,Ritz vacuum,1275.2615510424594,1277.7043892814568,1284.2613044,-6.556915118543202,6.556915118543202,2108.224833819284,573.72,1534.504833819284,1.4015729612572303,4.678254575246342,710.0,nan,161701.4486,169542.9772,2s2.2p5.(2P*<3/2>).3d,2[5/2]*,3,2s2.2p5.(2P*<3/2>).5f,2[7/2],4,,L9097,poor
C I,Ritz vacuum,1288.4033200210772,1290.8713320887398,1284.2613044,6.6100276887398195,6.6100276887398195,-965.3351731672858,573.72,-1539.0551731672858,1.4015729612572303,4.716149548725978,nan,100000.0,80834.62491,nan,2s2.2p.4p,3D,3,2s2.2p.(2P*<3/2>).7d,2[7/2]*,4,D,,poor
C I,Ritz vacuum,1288.438329529137,1290.906408659564,1284.2613044,6.64510425956405,6.64510425956405,-973.4811737047967,573.72,-1547.2011737047967,1.4015729612572303,4.74117612371981,nan,330000.0,80782.44916,88543.78,2s2.2p.4p,3D,1,2s2.2p.(2P*<1/2>).8s,2[1/2]*,0,D,,poor
C I,Ritz vacuum,1288.4523333323614,1290.9204392878942,1284.2613044,6.659134887894197,6.659134887894197,-976.7395115420331,573.72,-1550.4595115420332,1.4015729612572303,4.751186753717667,nan,80000.0,80782.44916,88543.5,2s2.2p.4p,3D,1,2s2.2p.(2P*<1/2>).7d,2[3/2]*,2,D,,poor
Al I,Ritz vacuum,1275.1150112473572,1277.557568780789,1284.2613044,-6.703735619210875,6.703735619210875,2142.6741130574655,573.72,1568.9541130574655,1.4015729612572303,4.783008665633455,8.0,6320.0,32435.453,40277.883,3s2.3d,2D,3/2,3s2.5p,2P*,3/2,D,L6693,poor
Cs II,Ritz vacuum,1274.982295206334,1277.4245985144112,1284.2613044,-6.836705885588799,6.836705885588799,2173.877005528725,573.72,1600.157005528725,1.4015729612572303,4.8778808342993285,40000.0,nan,156822.8269,164666.073,5p5.(2P*<3/2>).7p,2[3/2],1,5p5.(2P*<3/2>).8s,2[3/2]*,1,,L12126,poor
Ar I,Ritz vacuum,1274.9718723758597,1277.4141557183943,1284.2613044,-6.847148681605631,6.847148681605631,2176.3276546600823,573.72,1602.6076546600823,1.4015729612572303,4.885331603046654,12.0,2000000.0,107131.7086,114975.019,3s2.3p5.(2P*<1/2>).4p,2[3/2],1,3s2.3p5.(2P*<1/2>).5s,2[1/2]*,1,D,L2634,poor
Ne I,Ritz vacuum,1274.971442259055,1277.4137247776757,1284.2613044,-6.847579622324247,6.847579622324247,2176.4287855186644,573.72,1602.7087855186644,1.4015729612572303,4.885639072390404,540.0,nan,161699.6613,169542.9742,2s2.2p5.(2P*<3/2>).3d,2[5/2]*,2,2s2.2p5.(2P*<3/2>).5f,2[7/2],3,,L9097,poor
C I,Ritz vacuum,1274.9486660738446,1277.3909049633478,1284.2613044,-6.870399436652178,6.870399436652178,2181.784065291377,573.72,1608.064065291377,1.4015729612572303,4.901920646706351,nan,80000.0,81325.81077,89169.2,2s2.2p.4p,3P,1,2s2.2p.(2P*<3/2>).8d,2[1/2]*,0,D,,poor
N II,Ritz vacuum,1274.8756462442345,1277.3177452599746,1284.2613044,-6.9435591400254,6.9435591400254,2198.9535820507426,573.72,1625.2335820507426,1.4015729612572303,4.95411893063129,nan,1640000.0,202861.36,210705.26,2s2.2p.4p,3D,3,2s2.2p.4d,3P*,2,C+,,poor
Fe I,Ritz vacuum,1288.8159020723178,1291.2847044650794,1284.2613044,7.023400065079386,7.023400065079386,-1061.3204685224657,573.72,-1635.0404685224657,1.4015729612572303,5.011084159885119,15.0,nan,46720.842,54479.902,3d7.(4P).4p,u 5D*,4,3d6.4s.(6D).6s,5D,4,,L11631,poor
C I,Ritz vacuum,1274.8286334772292,1277.2706424372589,1284.2613044,-6.990661962741115,6.990661962741115,2210.0084412335923,573.72,1636.2884412335923,1.4015729612572303,4.987726044936251,nan,21000.0,81325.81077,89170.01,2s2.2p.4p,3P,1,2s2.2p.(2P*<3/2>).8d,2[1/2]*,1,D,,poor
Fe II,Ritz vacuum,1274.8277432354712,1277.2697504901907,1284.2613044,-6.991553909809227,6.991553909809227,2210.21778180388,573.72,1636.49778180388,1.4015729612572303,4.988362434972851,7.0,nan,103751.672,111595.869,3d6.(3H).4d,4H,11/2,3d6.(3H).5p,4H*,11/2,,L18349c139,poor
Si II,Ritz vacuum,1274.6385818659667,1277.080226770997,1284.2613044,-7.181077629003084,7.181077629003084,2254.7023915157456,573.72,1680.9823915157456,1.4015729612572303,5.123584592101119,nan,165000.0,124316.9,132162.29,3s.3p.(3P*).3d,4D*,5/2,3s.3p.(3P*).4p,4D,7/2,D+,,poor
C I,Ritz vacuum,1274.5985710004445,1277.0401392623169,1284.2613044,-7.221165137683101,7.221165137683101,2264.112480644242,573.72,1690.3924806442421,1.4015729612572303,5.15218639149946,nan,18000.0,80801.28887,88646.9,2s2.2p.4p,3D,2,2s2.2p.(2P*<3/2>).7d,2[1/2]*,1,D,,poor
Ne I,Ritz vacuum,1289.0684306555056,1291.5377167815677,1284.2613044,7.276412381567752,7.276412381567752,-1120.0548047803973,573.72,-1693.7748047803973,1.4015729612572303,5.191604420679399,14.0,nan,151038.4524,158795.9924,2s2.2p5.(2P*<1/2>).3p,2[1/2],1,2s2.2p5.(2P*<3/2>).4s,2[3/2]*,1,,L9097,poor
C I,Ritz vacuum,1289.103510182616,1291.5728635055682,1284.2613044,7.311559105568222,7.311559105568222,-1128.2128563246622,573.72,-1701.9328563246622,1.4015729612572303,5.216681048847898,nan,10000.0,80801.28887,88558.62,2s2.2p.4p,3D,2,2s2.2p.(2P*<1/2>).7d,2[3/2]*,1,D,,poor
Fe II,Ritz vacuum,1274.5424257534053,1276.9838864657665,1284.2613044,-7.277417934233426,7.277417934233426,2277.3176787805614,573.72,1703.5976787805614,1.4015729612572303,5.192321866501678,1.4,nan,106924.441,114770.394,3d6.(3F2).4d,2G,9/2,3d6.(3G).5p,2H*,9/2,,L18349c139,poor
Fe I,Ritz vacuum,1274.2679512160146,1276.7088861563136,1284.2613044,-7.552418243686361,7.552418243686361,2341.8815342962334,573.72,1768.1615342962334,1.4015729612572303,5.388530210308665,9.0,nan,47017.188,54864.831,3d7.(4P).4p,w 3D*,3,3d6.4s.(6D).6s,5D,3,,L11631,poor
Fe I,Ritz vacuum,1289.422306763405,1291.892270759891,1284.2613044,7.63096635989109,7.63096635989109,-1202.3415433294388,573.72,-1776.0615433294388,1.4015729612572303,5.444573041025284,5.0,nan,44458.934,52214.345,3d6.(3P2).4s.4p.(3P*),w 5D*,0,3d6.(5D).4s (4D).5s,g 5D,1,,L11631,poor
Fe I,Ritz vacuum,1274.2280003668134,1276.6688587789195,1284.2613044,-7.592445621080515,7.592445621080515,2351.2801990075386,573.72,1777.5601990075386,1.4015729612572303,5.417089106991609,8.0,nan,43922.668,51770.557,3d6.(3P2).4s.4p.(3P*),w 5D*,3,3d6.(5D).4s (4D).5s,g 5D,3,,L11631,poor
Ar II,Ritz vacuum,1274.2088151568075,1276.6496368185194,1284.2613044,-7.61166758148056,7.61166758148056,2355.793731972511,573.72,1782.073731972511,1.4015729612572303,5.430803669794535,0.0012,nan,147503.1134,155351.1206,3s2.3p4.(3P).3d,4P,3/2,3s2.3p4.(3P).4p,4P*,3/2,,L13470,poor
N II,Ritz vacuum,1289.4686093385633,1291.9386620303458,1284.2613044,7.677357630345796,7.677357630345796,-1213.1065876771222,573.72,-1786.8265876771222,1.4015729612572303,5.477672474117295,nan,21100000.0,202170.63,209925.76,2s2.2p.4p,1P,1,2s2.2p.4d,1D*,2,B,,poor
Cs II,Ritz vacuum,1273.9002413594526,1276.3404719299713,1284.2613044,-7.920832470028699,7.920832470028699,2428.3983225919133,573.72,1854.6783225919132,1.4015729612572303,5.651387897012228,200000.0,nan,149221.3163,157071.2245,5p5.(2P*<3/2>).7s,2[3/2]*,2,5p5.(2P*<3/2>).7p,2[3/2],2,,L12126,poor
Fe II,Ritz vacuum,1273.7587829445713,1276.198742543206,1284.2613044,-8.062561856793991,8.062561856793991,2461.687977636052,573.72,1887.967977636052,1.4015729612572303,5.752509558661692,0.4,nan,107197.107,115047.887,3d6.(5D).6p,6P*,7/2,3d6.(5D).6d,6P,5/2,,L18349c139,poor
Fe II,Ritz vacuum,1289.9301046746791,1292.4010413878243,1284.2613044,8.139736987824335,8.139736987824335,-1320.3799225556788,573.72,-1894.0999225556789,1.4015729612572303,5.807572786309232,1.7,nan,103983.496,111735.854,3d6.(3G).5s,e 2G,7/2,3d6.(3H).5p,4H*,7/2,,L18349c139,poor
Fe II,Ritz vacuum,1273.7226031194716,1276.1624934135311,1284.2613044,-8.098810986468834,8.098810986468834,2470.202822845011,573.72,1896.4828228450108,1.4015729612572303,5.778372735732637,6.0,nan,104315.373,112166.376,3d6.(3H).4d,2K,13/2,3d5.(2H).4s.4p.(3P*),4I*,11/2,,L18349c145,poor
Fe I,Ritz vacuum,1289.9645440279708,1292.4355467117155,1284.2613044,8.174242311715489,8.174242311715489,-1328.3837043280066,573.72,-1902.1037043280066,1.4015729612572303,5.832191785708452,269.0,nan,39625.804,47377.955,3d6.(5D).4s.4p.(1P*),x 5D*,4,3d7.(4F).5s,e 5F,4,,L11631,poor
Fe II,Ritz vacuum,1289.9675448429543,1292.438553274936,1284.2613044,8.17724887493614,8.17724887493614,-1329.0810901479565,573.72,-1902.8010901479565,1.4015729612572303,5.834336920713022,nan,nan,84266.594,92018.727,3d6.(5D).4d,6P,7/2,3d5.(4D).4s.4p.(3P*),6F*,5/2,,L18349c148,poor
Ar I,Ritz vacuum,1273.6901242994293,1276.1299523784055,1284.2613044,-8.131352021594466,8.131352021594466,2477.8468469762797,573.72,1904.1268469762797,1.4015729612572303,5.801590246361867,30.0,1100000.0,105617.27,113468.473,3s2.3p5.(2P*<3/2>).4p,2[5/2],2,3s2.3p5.(2P*<3/2>).5s,2[3/2]*,2,D,L2634,poor
Si IV,Ritz vacuum,1273.6403107719275,1276.0800434301723,1284.2613044,-8.18126096982769,8.18126096982769,2489.5710384168856,573.72,1915.8510384168856,1.4015729612572303,5.837199486560433,nan,357000.0,328200.04,336051.55,2p6.7f,2F*,5/2,2p6.8d,2D,5/2,B+,,poor
Si IV,Ritz vacuum,1273.6403107719275,1276.0800434301723,1284.2613044,-8.18126096982769,8.18126096982769,2489.5710384168856,573.72,1915.8510384168856,1.4015729612572303,5.837199486560433,nan,7510000.0,328200.04,336051.55,2p6.7f,2F*,5/2,2p6.8d,2D,3/2,A,,poor
Si IV,Ritz vacuum,1273.6403107719275,1276.0800434301723,1284.2613044,-8.18126096982769,8.18126096982769,2489.5710384168856,573.72,1915.8510384168856,1.4015729612572303,5.837199486560433,nan,7150000.0,328200.04,336051.55,2p6.7f,2F*,7/2,2p6.8d,2D,5/2,A,,poor
C I,Ritz vacuum,1290.0731735303787,1292.5443843003015,1284.2613044,8.283079900301573,8.283079900301573,-1353.6280282427485,573.72,-1927.3480282427486,1.4015729612572303,5.90984567287281,8300.0,1400000.0,78731.2956,86482.794,2s2.2p.3d,1P*,1,2s2.2p.(2P*<3/2>).5f,2[5/2],2,D,L12175c183,poor
Fe I,Ritz vacuum,1290.0756742095318,1292.5468897696524,1284.2613044,8.285585369652381,8.285585369652381,-1354.2091338329408,573.72,-1927.9291338329408,1.4015729612572303,5.911633285376808,13.0,nan,42859.778,50611.261,3d6.(3P2).4s.4p.(3P*),x 5P*,2,3d6.(5D).4s (6D).4d,e 7P,3,,L11631,poor
Ar II,Ritz vacuum,1273.5885567174548,1276.0281902377753,1284.2613044,-8.233114162224638,8.233114162224638,2501.7524330181554,573.72,1928.0324330181554,1.4015729612572303,5.87419591402464,85.0,nan,183090.8927,190942.722,3s2.3p4.(3P).5s,2P,3/2,3s2.3p4.(3P).5p,2S*,1/2,,L11520,poor
N I,Ritz vacuum,1290.0861770619756,1292.5574127409254,1284.2613044,8.296108340925457,8.296108340925457,-1356.6497649003054,573.72,-1930.3697649003054,1.4015729612572303,5.9191412578933695,nan,3230000.0,96864.05,104615.47,2s2.2p2.(3P).3p,2D*,5/2,2s2.2p2.(3P).3d,2P,3/2,C+,,poor
Fe II,Ritz vacuum,1290.0977802132468,1292.569038118713,1284.2613044,8.307733718713052,8.307733718713052,-1359.3460578170366,573.72,-1933.0660578170366,1.4015729612572303,5.927435779911807,nan,0.0194,22637.195,30388.5451,3d6.(3F2).4s,b 4F,9/2,3d6.(3G).4s,b 2G,9/2,C+,,poor
Si II,Ritz vacuum,1273.512276002462,1275.9517634026022,1284.2613044,-8.30954099739779,8.30954099739779,2519.7075754216094,573.72,1945.9875754216093,1.4015729612572303,5.9287252444881755,nan,11100000.0,113962.08,121814.38,3s2.6p,2P*,1/2,3s2.8s,2S,1/2,C+,,poor
Fe II,Ritz vacuum,1290.1875645975736,1292.6589944902898,1284.2613044,8.39769009028987,8.39769009028987,-1380.2089591965944,573.72,-1953.9289591965944,1.4015729612572303,5.991618219259186,1.4,nan,104593.292,112344.103,3d6.(5D).5d,6G,11/2,3d5.(4F).4s.4p.(3P*),4G*,11/2,,L18349c139,poor
Fe II,Ritz vacuum,1290.3097577837489,1292.7814217446744,1284.2613044,8.520117344674418,8.520117344674418,-1408.6002330864726,573.72,-1982.3202330864726,1.4015729612572303,6.078968116673537,2.4,nan,102394.764,110144.841,3d6.(5D).6s,4D,7/2,3d6.(3F2).5p,4F*,7/2,,L18349c139,poor
Fe I,Ritz vacuum,1273.344540451784,1275.7837065446467,1284.2613044,-8.477597855353224,8.477597855353224,2559.19330116992,573.72,1985.4733011699198,1.4015729612572303,6.048631137795853,47.0,nan,43163.326,51016.66,3d6.(5D).4s (6D).5s,e 7D,4,3d6.(5D).4s (6D).5p,u 5F*,5,,L11631,poor
C I,Ritz vacuum,1290.3798568218003,1292.8516550615416,1284.2613044,8.590350661541606,8.590350661541606,-1424.8863400843748,573.72,-1998.6063400843748,1.4015729612572303,6.12907847040367,nan,270000.0,80834.62491,88584.28,2s2.2p.4p,3D,3,2s2.2p.(2P*<3/2>).8s,2[3/2]*,2,D,,poor
Fe II,Ritz vacuum,1290.4031631515195,1292.8750060359012,1284.2613044,8.61370163590118,8.61370163590118,-1430.3009009988523,573.72,-2004.0209009988523,1.4015729612572303,6.14573901894809,1.7,nan,103986.338,111735.854,3d6.(3H).4d,4H,7/2,3d6.(3H).5p,4H*,7/2,,L18349c139,poor
Cs II,Ritz vacuum,1290.4493757022954,1292.9213071095264,1284.2613044,8.660002709526452,8.660002709526452,-1441.036777037187,573.72,-2014.756777037187,1.4015729612572303,6.1787740980379,nan,nan,166806.1612,174555.3995,5p5.(2P*<3/2>).5f,2[9/2],4,5p5.(2P*<3/2>).6g,2[9/2]*,5,,L12126,poor
Cs II,Ritz vacuum,1290.467480619375,1292.9394467076359,1284.2613044,8.67814230763588,8.67814230763588,-1445.2427178875287,573.72,-2018.9627178875287,1.4015729612572303,6.191716412573675,nan,nan,166806.1612,174555.2911,5p5.(2P*<3/2>).5f,2[9/2],4,5p5.(2P*<3/2>).6g,2[9/2]*,4,,L12126,poor
S I,Ritz vacuum,1290.5027902090396,1292.9748239348887,1284.2613044,8.713519534888746,8.713519534888746,-1453.4452930101518,573.72,-2027.1652930101518,1.4015729612572303,6.216957501144,nan,156000.0,70164.61,77913.528,3s2.3p3.(4S*).3d,3D*,1,3s2.3p3.(4S*).6p,3P,1,E,,poor
Si III,Ritz vacuum,1290.5158937678113,1292.9879525942952,1284.2613044,8.726648194295194,8.726648194295194,-1456.489250489986,573.72,-2030.209250489986,1.4015729612572303,6.2263245906708065,nan,25100000.0,227665.09,235413.93,3s.5d,1D,2,3p.3d,1F*,3,B,,poor
Al II,Ritz vacuum,1273.0581526797168,1275.496770180018,1284.2613044,-8.764534219981897,8.764534219981897,2626.6221267872165,573.72,2052.9021267872167,1.4015729612572303,6.253355666992882,nan,2090.0,138561.8,146416.9,3s.6f,3F*,4,3s.9g,3G,3,E,,poor
Al II,Ritz vacuum,1273.0581526797168,1275.496770180018,1284.2613044,-8.764534219981897,8.764534219981897,2626.6221267872165,573.72,2052.9021267872167,1.4015729612572303,6.253355666992882,nan,107000.0,138561.8,146416.9,3s.6f,3F*,4,3s.9g,3G,4,D,,poor
Al II,Ritz vacuum,1273.0581526797168,1275.496770180018,1284.2613044,-8.764534219981897,8.764534219981897,2626.6221267872165,573.72,2052.9021267872167,1.4015729612572303,6.253355666992882,nan,1700000.0,138561.8,146416.9,3s.6f,3F*,4,3s.9g,3G,5,C+,,poor
Ne I,Ritz vacuum,1273.026143987377,1275.4647001731523,1284.2613044,-8.796604226847649,8.796604226847649,2634.159368058447,573.72,2060.439368058447,1.4015729612572303,6.276237106455716,11.0,nan,163012.6247,170867.923,2s2.2p5.(2P*<3/2>).4p,2[3/2],1,2s2.2p5.(2P*<3/2>).6d,2[3/2]*,1,,L9097,poor
C I,Ritz vacuum,1290.6879404936878,1293.1603288857582,1284.2613044,8.899024485758218,8.899024485758218,-1496.4528202818242,573.72,-2070.172820281824,1.4015729612572303,6.349312331036745,nan,250000.0,80801.28887,88549.095,2s2.2p.4p,3D,2,2s2.2p.(2P*<1/2>).8s,2[1/2]*,1,D,,poor
S I,Ritz vacuum,1290.7596599718715,1293.2321857468055,1284.2613044,8.970881346805527,8.970881346805527,-1513.1104638006213,573.72,-2086.830463800621,1.4015729612572303,6.400581057698575,nan,563000.0,70166.1526,77913.528,3s2.3p3.(4S*).3d,3D*,2,3s2.3p3.(4S*).6p,3P,1,D,,poor
C I,Ritz vacuum,1290.7899682032396,1293.262552035367,1284.2613044,9.001247635367008,9.001247635367008,-1520.1496053607984,573.72,-2093.8696053607982,1.4015729612572303,6.422246921268205,nan,240.0,81344.05485,89091.25,2s2.2p.4p,3P,2,2s2.2p.(2P*<1/2>).8d,2[3/2]*,1,D,,poor
C I,Ritz vacuum,1272.808084770852,1275.2462232514183,1284.2613044,-9.015081148581658,9.015081148581658,2685.511778871129,573.72,2111.7917788711293,1.4015729612572303,6.432116912768498,nan,240.0,80782.44916,88639.1,2s2.2p.4p,3D,1,2s2.2p.(2P*<3/2>).7d,2[3/2]*,2,D,,poor
Na I,Ritz vacuum,1291.1470651867928,1293.6203330591202,1284.2613044,9.359028659120213,9.359028659120213,-1603.0734538443382,573.72,-2176.7934538443383,1.4015729612572303,6.677517987165674,nan,297000.0,30266.99,38012.042,2p6.4p,2P*,1/2,2p6.7s,2S,1/2,B+,,poor
Fe II,Ritz vacuum,1272.4903084751209,1274.9278382365692,1284.2613044,-9.333466163430785,9.333466163430785,2760.362788784212,573.72,2186.642788784212,1.4015729612572303,6.659279553351641,1.4,9000.0,94685.083,102543.689,3d5.(4D).4s.4p.(3P*),6P*,5/2,3d6.(5D).6s,6D,3/2,D,L18349c139,poor
C I,Ritz vacuum,1272.4379842659075,1274.8754137972664,1284.2613044,-9.385890602733525,9.385890602733525,2772.689318774651,573.72,2198.9693187746507,1.4015729612572303,6.696683556390994,nan,28000.0,81311.0544,89170.01,2s2.2p.4p,3P,0,2s2.2p.(2P*<3/2>).8d,2[1/2]*,1,D,,poor
N III,Ritz vacuum,1272.4279815495606,1274.8653919201304,1284.2613044,-9.395912479869594,9.395912479869594,2775.0458139577386,573.72,2201.3258139577383,1.4015729612572303,6.703834006216366,nan,11000000.0,378432.8,386291.8,2s.2p.(3P*).4p,4S,3/2,2s.2p.(3P*).4d,4P*,3/2,B,,poor
C I,Ritz vacuum,1291.3631238660084,1293.8368056113982,1284.2613044,9.575501211398205,9.575501211398205,-1653.2346127904352,573.72,-2226.954612790435,1.4015729612572303,6.831967707773734,nan,90000.0,80801.28887,88545.02,2s2.2p.4p,3D,2,2s2.2p.(2P*<1/2>).7d,2[5/2]*,3,D,,poor
Ne I,Ritz vacuum,1272.2277671791935,1274.6647940274029,1284.2613044,-9.596510372597095,9.596510372597095,2822.21724567284,573.72,2248.49724567284,1.4015729612572303,6.846957409901011,23.0,nan,163012.6247,170872.8524,2s2.2p5.(2P*<3/2>).4p,2[3/2],1,2s2.2p5.(2P*<3/2>).6d,2[5/2]*,2,,L9097,poor
S II,Ritz vacuum,1272.2179245063112,1274.6549325003039,1284.2613044,-9.606371899696114,9.606371899696114,2824.5364127830003,573.72,2250.8164127830005,1.4015729612572303,6.853993452527128,nan,4660000.0,150258.51,158118.77,3s2.3p2.(3P).5s,4P,1/2,3s2.3p2.(3P).5p,4S*,3/2,D,,poor
Ne I,Ritz vacuum,1291.5545858650873,1294.028634367157,1284.2613044,9.767329967157139,9.767329967157139,-1697.6782048696255,573.72,-2271.3982048696253,1.4015729612572303,6.968834471803529,8400.0,1320000.0,150858.5079,158601.1152,2s2.2p5.(2P*<1/2>).3p,2[3/2],2,2s2.2p5.(2P*<3/2>).4s,2[3/2]*,2,C+,L9097,poor
O III,Ritz vacuum,1272.118897614517,1274.555715916695,1284.2613044,-9.705588483305064,9.705588483305064,2847.8704760605206,573.72,2274.1504760605203,1.4015729612572303,6.924782905771111,nan,31400.0,366802.62,374663.52,2s2.2p.(2P*).4p,3D,3,2s.2p2.(4P).3p,3D*,2,C+,,poor
C I,Ritz vacuum,1291.6532026483967,1294.1274400566945,1284.2613044,9.866135656694496,9.866135656694496,-1720.5672710169536,573.72,-2294.2872710169536,1.4015729612572303,7.039330758667345,nan,15000.0,80801.28887,88543.5,2s2.2p.4p,3D,2,2s2.2p.(2P*<1/2>).7d,2[3/2]*,2,D,,poor
Fe I,Observed vacuum,1291.67409832345,1294.148375758638,1284.2613044,9.887071358637968,9.887071358637968,-1725.4169537214984,573.72,-2299.1369537214987,1.4015729612572303,7.0542680487850795,123.0,nan,nan,nan,,,,,,,,L11631,poor
N I,Ritz vacuum,1271.9778593141093,1274.4144074491571,1284.2613044,-9.846896950842847,9.846896950842847,2881.106915224424,573.72,2307.3869152244242,1.4015729612572303,7.025604248251225,nan,140000.0,112294.007,120155.8,2s2.2p2.(1D).3p,2P*,1/2,2s2.2p2.(1D).3d,2D,3/2,C+,,poor
Fe II,Ritz vacuum,1291.980471531379,1294.455335842402,1284.2613044,10.194031442402093,10.194031442402093,-1796.5140803051552,573.72,-2370.234080305155,1.4015729612572303,7.273279182881715,90.0,20000.0,83459.721,91199.776,3d6.(5D).4d,e 6F,3/2,3d6.(5D).5p,4D*,1/2,D,L18349c145,poor
Fe I,Observed vacuum,1291.9851127919003,1294.45998599353,1284.2613044,10.198681593529955,10.198681593529955,-1797.591002468658,573.72,-2371.311002468658,1.4015729612572303,7.276596991698239,630.0,nan,nan,nan,,,,,,,,L11631,poor
Na I,Ritz vacuum,1292.079318377233,1294.5543720351823,1284.2613044,10.293067635182297,10.293067635182297,-1819.448891039778,573.72,-2393.168891039778,1.4015729612572303,7.343939930140542,nan,592000.0,30272.58,38012.042,2p6.4p,2P*,3/2,2p6.7s,2S,1/2,B+,,poor
Ar II,Ritz vacuum,1271.6065284755296,1274.042365304594,1284.2613044,-10.218939095406085,10.218939095406085,2968.630324388672,573.72,2394.910324388672,1.4015729612572303,7.291050396862363,0.0386,nan,195866.8503,203730.9181,3s2.3p4.(1D).5s,2D,3/2,3s2.3p4.(3P).6p,2P*,3/2,,L13470,poor
C I,Ritz vacuum,1271.5477425116364,1273.9834667327416,1284.2613044,-10.277837667258382,10.277837667258382,2982.488589025355,573.72,2408.768589025355,1.4015729612572303,7.333073590431582,nan,6000.0,80782.44916,88646.9,2s2.2p.4p,3D,1,2s2.2p.(2P*<3/2>).7d,2[1/2]*,1,D,,poor
N I,Ritz vacuum,1271.5156337922074,1273.9512965071788,1284.2613044,-10.310007892821204,10.310007892821204,2990.0581973040244,573.72,2416.338197304024,1.4015729612572303,7.356026534339664,nan,67000.0,96750.84,104615.47,2s2.2p2.(3P).3p,4S*,3/2,2s2.2p2.(3P).3d,2P,3/2,C+,,poor
Fe II,Ritz vacuum,1271.471331761571,1273.9069096134065,1284.2613044,-10.354394786593502,10.354394786593502,3000.5026777823396,573.72,2426.7826777823393,1.4015729612572303,7.3876958765710405,28.0,nan,107165.76,115030.664,3d6.(5D).6p,4F*,7/2,3d6.(3D).4d,4F,9/2,,L18349c139,poor
C I,Ritz vacuum,1271.347688185002,1273.7830291903201,1284.2613044,-10.47827520967985,10.47827520967985,3029.6543100163644,573.72,2455.934310016364,1.4015729612572303,7.476082586725056,nan,24000.0,80782.44916,88648.4,2s2.2p.4p,3D,1,2s2.2p.(2P*<3/2>).7d,2[1/2]*,0,D,,poor
S I,Ritz vacuum,1292.3952041688754,1294.8708629245714,1284.2613044,10.609558524571412,10.609558524571412,-1892.7299755255406,573.72,-2466.4499755255406,1.4015729612572303,7.569751142355437,nan,836000.0,70164.61,77902.181,3s2.3p3.(4S*).3d,3D*,1,3s2.3p3.(4S*).6p,3P,0,E,,poor
N I,Ritz vacuum,1271.237558278216,1273.6726883232436,1284.2613044,-10.588616076756352,10.588616076756352,3055.6221430857854,573.72,2481.9021430857856,1.4015729612572303,7.554809039165694,nan,2600000.0,96787.68,104654.03,2s2.2p2.(3P).3p,2D*,3/2,2s2.2p2.(3P).3d,2P,1/2,C+,,poor
S II,Ritz vacuum,1270.9675849645669,1273.40219785989,1284.2613044,-10.859106540109906,10.859106540109906,3119.2892151733945,573.72,2545.5692151733947,1.4015729612572303,7.747799679560839,nan,2390000.0,130641.154,138509.175,3s2.3p2.(3P).4p,2D*,3/2,3s2.3p2.(1D).3d,2F,5/2,C+,,poor
Ni II,Ritz vacuum,1292.767505282583,1295.2438772028813,1284.2613044,10.98257280288135,10.98257280288135,-1979.0753428274304,573.72,-2552.7953428274304,1.4015729612572303,7.835890892922071,nan,3.7e-05,24788.2,32523.54,3p6.3d8.(3P).4s,4P,3/2,3p6.3d8.(1G).4s,2G,7/2,E,,poor
Fe II,Ritz vacuum,1270.9196519479426,1273.3541730247632,1284.2613044,-10.907131375236759,10.907131375236759,3130.594512531076,573.72,2556.874512531076,1.4015729612572303,7.782064635046121,11.0,11000.0,54283.236,62151.554,3d5.4s2,b 4G,7/2,3d6.(3F2).4p,y 4F*,5/2,D,L18349c145,poor
Fe II,Ritz vacuum,1292.9307496183724,1295.407434242763,1284.2613044,11.146129842763003,11.146129842763003,-2016.9275917052378,573.72,-2590.6475917052376,1.4015729612572303,7.952586237654564,1.0,nan,96239.416,103973.782,3d5.(4G).4s.4p.(3P*),2H*,9/2,3d6.(3H).4d,4K,11/2,,L18349c139,poor
Fe II,Ritz vacuum,1270.6909898528263,1273.1250729140027,1284.2613044,-11.136231485997314,11.136231485997314,3184.5316229590767,573.72,2610.811622959077,1.4015729612572303,7.94552391764747,nan,0.0036,977.0498,8846.7837,3d6.(5D).4s,a 6D,1/2,3d6.(5D).4s,a 4D,1/2,C+,,poor
Ar I,Ritz vacuum,1270.5754784847732,1273.0093402771545,1284.2613044,-11.251964122845493,11.251964122845493,3211.782205621737,573.72,2638.062205621737,1.4015729612572303,8.028097312003169,150.0,7100000.0,107496.4166,115366.866,3s2.3p5.(2P*<1/2>).4p,2[1/2],1,3s2.3p5.(2P*<1/2>).3d,2[3/2]*,1,D,L2634,poor
He I,Ritz vacuum,1293.1429012370274,1295.619992250277,1284.2613044,11.358687850276965,11.358687850276965,-2066.112970326255,573.72,-2639.8329703262552,1.4015729612572303,8.104242992878563,nan,1.423,nan,nan,1s.3p,1P*,1,1s.5p,1P*,1,AA,,poor
Cs II,Ritz vacuum,1270.3966399197438,1272.8301591363727,1284.2613044,-11.431145263627286,11.431145263627286,3253.9772520367933,573.72,2680.257252036793,1.4015729612572303,8.15594020405002,1500.0,nan,166591.8501,174463.4074,5p5.(2P*<3/2>).5f,2[5/2],3,5p5.(2P*<3/2>).6g,2[5/2]*,3,,L12126,poor
Fe I,Ritz vacuum,1293.6543561442936,1296.1324268793924,1284.2613044,11.871122479392398,11.871122479392398,-2184.6554009635493,573.72,-2758.3754009635495,1.4015729612572303,8.469856944688656,110.0,nan,40491.284,48221.324,3d6.(5D).4s.4p.(1P*),x 5D*,0,3d7.(4F).5s,e 5F,1,,L11631,poor
Si III,Ritz vacuum,1293.6557465219103,1296.1338199203587,1284.2613044,11.872515520358775,11.872515520358775,-2184.9775908584575,573.72,-2758.6975908584573,1.4015729612572303,8.470850857246107,nan,5950000.0,234415.07,242145.1,3s.6p,3P*,0,3s.7s,3S,1,C+,,poor
Ar I,Ritz vacuum,1293.673351303242,1296.1514584246809,1284.2613044,11.890154024680896,11.890154024680896,-2189.0570871982186,573.72,-2762.7770871982184,1.4015729612572303,8.483435649340198,50.0,10000000.0,107131.7086,114861.635,3s2.3p5.(2P*<1/2>).4p,2[3/2],1,3s2.3p5.(2P*<1/2>).5s,2[1/2]*,0,D,L2634,poor
Fe I,Ritz vacuum,1293.8203912382455,1296.2987800232975,1284.2613044,12.037475623297496,12.037475623297496,-2223.1279533504653,573.72,-2796.847953350465,1.4015729612572303,8.588547265138244,204.0,nan,43499.505,51228.553,3d6.(3P2).4s.4p.(3P*),w 5D*,4,3d6.(5D).4s (6D).4d,e 7G,5,,L11631,poor
Fe II,Ritz vacuum,1293.84751860585,1296.3259593549642,1284.2613044,12.064654954964226,12.064654954964226,-2229.4132511682237,573.72,-2803.133251168224,1.4015729612572303,8.607939285688035,0.4,nan,105211.079,112939.965,3d6.(5D).5d,4G,9/2,3d6.(5D<4>).5f,2[5]*,9/2,,L18349c139,poor
Cs II,Ritz vacuum,1294.147380046201,1296.6263951974781,1284.2613044,12.36509079747816,12.36509079747816,-2298.8809852563377,573.72,-2872.6009852563375,1.4015729612572303,8.822295477494446,600.0,nan,172914.6297,180641.725,5p5.(2P*<3/2>).8d,2[7/2]*,4,5p5.(2P*<3/2>).9f,2[9/2],5,,L12126,poor
Fe II,Ritz vacuum,1294.315075591241,1296.7944119731626,1284.2613044,12.533107573162624,12.533107573162624,-2337.7232355461992,573.72,-2911.4432355461995,1.4015729612572303,8.942172772739747,2.4,nan,107283.77,115009.864,3d6.(5D).6p,6D*,1/2,3d6.(5D).6d,6P,3/2,,L18349c139,poor
S I,Ritz vacuum,1294.3462340536853,1296.8256301214676,1284.2613044,12.56432572146764,12.56432572146764,-2344.939708603561,573.72,-2918.659708603561,1.4015729612572303,8.964446424677933,nan,11900.0,70164.61,77890.518,3s2.3p3.(4S*).3d,3D*,1,3s2.3p3.(4S*).6p,3P,2,E',,poor
S I,Ritz vacuum,1294.604704252634,1297.0845954352303,1284.2613044,12.82329103523034,12.82329103523034,-2404.796040768549,573.72,-2978.516040768549,1.4015729612572303,9.149214054277753,nan,156000.0,70166.1526,77890.518,3s2.3p3.(4S*).3d,3D*,2,3s2.3p3.(4S*).6p,3P,2,E,,poor
Fe II,Ritz vacuum,1294.6202984879376,1297.1002195422057,1284.2613044,12.838915142205678,12.838915142205678,-2408.406953578518,573.72,-2982.1269535785177,1.4015729612572303,9.160361605926669,nan,0.00213,667.6829,8391.9554,3d6.(5D).4s,a 6D,5/2,3d6.(5D).4s,a 4D,5/2,B,L22760,poor
Fe II,Ritz vacuum,1294.8066190915558,1297.2868970538595,1284.2613044,13.025592653859576,13.025592653859576,-2451.5468788940398,573.72,-3025.26687889404,1.4015729612572303,9.29355303927627,1.1,nan,103921.637,111644.798,3d6.(3H).4d,4G,7/2,3d5.(2H).4s.4p.(3P*),4I*,9/2,,L18349c139,poor
Fe I,Ritz vacuum,1295.007323601818,1297.4879860253736,1284.2613044,13.226681625373658,13.226681625373658,-2498.0101380749184,573.72,-3071.7301380749186,1.4015729612572303,9.437026819858984,19.0,nan,26224.969,33946.933,3d7.(2D2).4s,a 3D,3,3d6.(5D).4s.4p.(3P*),z 3P*,2,,L11631,poor
C I,Ritz vacuum,1295.336803086796,1297.8180966476145,1284.2613044,13.556792247614567,13.556792247614567,-2574.2690371991753,573.72,-3147.989037199175,1.4015729612572303,9.672555494687867,2100.0,110000.0,77679.83311,85399.833,2s2.2p.3d,1D*,2,2s2.2p.5p,1D,2,B,L9405c186,poor
Si III,Ritz vacuum,1295.8903534286528,1298.3727073475925,1284.2613044,14.111402947592524,14.111402947592524,-2702.3453154276053,573.72,-3276.065315427605,1.4015729612572303,10.068261401771336,nan,17800000.0,234428.4,242145.1,3s.6p,3P*,1,3s.7s,3S,1,B,,poor
S I,Ritz vacuum,1295.9100587805485,1298.3924504462448,1284.2613044,14.131146046244794,14.131146046244794,-2706.9035638470336,573.72,-3280.6235638470334,1.4015729612572303,10.08234778842263,nan,650000.0,70173.9334,77890.518,3s2.3p3.(4S*).3d,3D*,3,3s2.3p3.(4S*).6p,3P,2,D,,poor
Ar I,Ritz vacuum,1296.0201886914078,1298.5027913174026,1284.2613044,14.241486917402653,14.241486917402653,-2732.37755150209,573.72,-3306.09755150209,1.4015729612572303,10.161074243775253,500.0,7400000.0,104102.099,111818.028,3s2.3p5.(2P*<3/2>).4p,2[1/2],1,3s2.3p5.(2P*<3/2>).3d,2[1/2]*,1,D,L2634,poor
Cs II,Ritz vacuum,1296.0292911636052,1298.5119112259188,1284.2613044,14.250606825918794,14.250606825918794,-2734.482932342095,573.72,-3308.2029323420948,1.4015729612572303,10.167581153346312,280.0,nan,169185.5968,176901.4718,5p5.(2P*<3/2>).5g,2[9/2]*,5,5p5.(2P*<3/2>).7f,2[7/2],4,,L12126,poor
Fe I,Observed vacuum,1296.203758548313,1298.686712813127,1284.2613044,14.425408413127116,14.425408413127116,-2774.8339263302946,573.72,-3348.5539263302944,1.4015729612572303,10.292299303624782,251.0,nan,nan,nan,,,,,,,,L11631,poor
Si II,Ritz vacuum,1296.5445311010283,1299.0281381356383,1284.2613044,14.766833735638329,14.766833735638329,-2853.632195399842,573.72,-3427.3521953998425,1.4015729612572303,10.535900837008354,nan,944000.0,124449.5,132162.29,3s.3p.(3P*).3d,4D*,7/2,3s.3p.(3P*).4p,4D,7/2,C,,poor
Fe I,Ritz vacuum,1296.577940174833,1299.0616112064818,1284.2613044,14.800306806481785,14.800306806481785,-2861.3563800634793,573.72,-3435.0763800634795,1.4015729612572303,10.55978334028769,16.0,nan,45833.223,53545.833,3d6.(3F2).4s.4p.(3P*),x 5G*,4,3d7.(4F).4d,h 5D,3,,L11631,poor
Fe II,Ritz vacuum,1296.7038643754845,1299.1877766223195,1284.2613044,14.92647222231949,14.92647222231949,-2890.468257908015,573.72,-3464.1882579080147,1.4015729612572303,10.649800356401167,14.0,890000.0,84131.624,91843.485,3d6.(5D).4d,6D,1/2,3d6.(5D).5p,w 6P*,3/2,C+,L18349c139,poor
Fe I,Ritz vacuum,1296.796899643611,1299.2809901049545,1284.2613044,15.019685704954554,15.019685704954554,-2911.974833117763,573.72,-3485.6948331177628,1.4015729612572303,10.716306692647445,14.0,nan,50185.743,57897.051,3d6.(5D).4s (6D).5p,n 7P*,4,3d6.(5D).4s (6D).7s,7D,5,,L11631,poor
O II,Ritz vacuum,1296.8566158623805,1299.3408207136408,1284.2613044,15.079516313640852,15.079516313640852,-2925.7783537633954,573.72,-3499.4983537633952,1.4015729612572303,10.758994879663145,nan,6560000.0,248186.64,255897.59,2s2.2p2.(3P).4p,2D*,5/2,2s2.2p2.(3P).4d,2D,5/2,D,,poor
C I,Ritz vacuum,1296.9546424861678,1299.439035113171,1284.2613044,15.177730713171059,15.177730713171059,-2948.435994454003,573.72,-3522.155994454003,1.4015729612572303,10.829069290518008,nan,11000.0,80834.62491,88545.02,2s2.2p.4p,3D,3,2s2.2p.(2P*<1/2>).7d,2[5/2]*,3,D,,poor
Cs II,Ritz vacuum,1297.0270021388787,1299.5115333750373,1284.2613044,15.250228975037317,15.250228975037317,-2965.159912306927,573.72,-3538.8799123069266,1.4015729612572303,10.88079564645543,160.0,nan,168565.0066,176274.9463,5p5.(2P*<3/2>).8p,2[1/2],0,5p5.(2P*<3/2>).10s,2[3/2]*,1,,L12126,poor
He I,Ritz vacuum,1297.1977275075155,1299.6825857781234,1284.2613044,15.421281378123467,15.421281378123467,-3004.6145543995995,573.72,-3578.3345543995993,1.4015729612572303,11.002838813535876,10.0,3361500.0,nan,nan,1s.3p,1P*,1,1s.5d,1D,2,AAA,L885,poor
C I,Ritz vacuum,1297.2547239876449,1299.7396914383507,1284.2613044,15.478387038350775,15.478387038350775,-3017.785264841834,573.72,-3591.505264841834,1.4015729612572303,11.043582793197187,nan,420.0,80834.62491,88543.5,2s2.2p.4p,3D,3,2s2.2p.(2P*<1/2>).7d,2[3/2]*,2,D,,poor
N I,Ritz vacuum,1297.312839771779,1299.7979185466752,1284.2613044,15.53661414667522,15.53661414667522,-3031.214015531999,573.72,-3604.9340155319987,1.4015729612572303,11.0851269082265,nan,854000.0,104144.82,111853.061,2s2.2p2.(3P).4s,2P,1/2,2s2.2p2.(3P).5p,2D*,3/2,D+,,poor
He I,Ritz vacuum,1297.389244523169,1299.8744696558445,1284.2613044,15.613165255844478,15.613165255844478,-3048.867844072917,573.72,-3622.5878440729166,1.4015729612572303,11.139744906208275,nan,330.3,nan,nan,1s.3p,1P*,1,1s.5d,3D,2,AA,,poor
S I,Ritz vacuum,1297.401763923416,1299.887013037736,1284.2613044,15.625708637736125,15.625708637736125,-3051.7604340394896,573.72,-3625.4804340394894,1.4015729612572303,11.148694409543722,nan,527000.0,73920.945,81628.66,3s2.3p3.(4S*).5p,5P,3,3s2.3p3.(4S*).8d,5D*,4,D,,poor
C I,Ritz vacuum,1297.4103162462118,1299.8955817430076,1284.2613044,15.634277343007625,15.634277343007625,-3053.7364199205454,573.72,-3627.456419920545,1.4015729612572303,11.154808044372848,nan,15000.0,61981.83211,69689.49393,2s2.2p.3s,1P*,1,2s2.2p.3p,3D,1,C,L9405c186,poor
Ar II,Ritz vacuum,1297.8140559013123,1300.300094785079,1284.2613044,16.038790385078983,16.038790385078983,-3147.0040076647538,573.72,-3720.724007664754,1.4015729612572303,11.443421661539452,25.0,nan,191974.58,199679.844,3s2.3p4.(1S).4p,2P*,3/2,3s2.3p4.(1D).4d,2D,5/2,,L11520,poor
N I,Ritz vacuum,1297.970518396361,1300.4568569932067,1284.2613044,16.195552593206685,16.195552593206685,-3183.1403251270035,573.72,-3756.8603251270033,1.4015729612572303,11.555269001964087,nan,35700.0,104615.47,112319.805,2s2.2p2.(3P).3d,2P,3/2,2s2.2p2.(1D).3p,2P*,3/2,C,,poor
Fe II,Ritz vacuum,1297.9892534847934,1300.4756279697988,1284.2613044,16.214323569798808,16.214323569798808,-3187.467051760816,573.72,-3761.187051760816,1.4015729612572303,11.568661794998054,6.0,nan,102802.353,110506.577,3d6.(5D).6s,4D,5/2,3d6.(3P2).5p,4D*,5/2,,L18349c139,poor
Fe I,Ritz vacuum,1298.0900108504093,1300.5765783420536,1284.2613044,16.315273942053636,16.315273942053636,-3210.73510761889,573.72,-3784.45510761889,1.4015729612572303,11.640688278845369,8.0,nan,40257.314,47960.94,3d6.(5D).4s.4p.(1P*),x 5F*,5,3d7.(4F).5s,e 3F,4,,L11631,poor
Fe II,Ritz vacuum,1298.1245902421465,1300.6112239726422,1284.2613044,16.349919572642193,16.349919572642193,-3218.720155400869,573.72,-3792.440155400869,1.4015729612572303,11.665407384840023,nan,0.00115,977.0498,8680.4706,3d6.(5D).4s,a 6D,1/2,3d6.(5D).4s,a 4D,3/2,C+,L22760,poor
Si III,Ritz vacuum,1298.2089831632084,1300.6957785532902,1284.2613044,16.43447415329024,16.43447415329024,-3238.2071946527694,573.72,-3811.9271946527697,1.4015729612572303,11.725735732336252,nan,29500000.0,234442.18,242145.1,3s.6p,3P*,2,3s.7s,3S,1,B,,poor
Ne I,Ritz vacuum,1298.3624348406092,1300.8495241763724,1284.2613044,16.588219776372398,16.588219776372398,-3273.6371689593648,573.72,-3847.3571689593646,1.4015729612572303,11.835430787343768,25.0,nan,162830.7073,170532.7169,2s2.2p5.(2P*<3/2>).4p,2[5/2],3,2s2.2p5.(2P*<3/2>).7s,2[3/2]*,2,,L9097,poor
Na I,Ritz vacuum,1298.6487025908827,1301.1363402892987,1284.2613044,16.875035889298715,16.875035889298715,-3339.7211917915947,573.72,-3913.441191791595,1.4015729612572303,12.04006951886513,nan,3480.0,33200.673,nan,2p6.5s,2S,1/2,2p6.15p,2P*,3/2,C',,poor
Na I,Ritz vacuum,1298.6593054706254,1301.1469634794787,1284.2613044,16.885659079478728,16.885659079478728,-3342.1685477480414,573.72,-3915.8885477480417,1.4015729612572303,12.047648995976676,nan,3480.0,33200.673,nan,2p6.5s,2S,1/2,2p6.15p,2P*,1/2,C',,poor
He I,Ritz vacuum,1298.8405096857239,1301.3285148018708,1284.2613044,17.067210401870852,17.067210401870852,-3383.9909343481077,573.72,-3957.710934348108,1.4015729612572303,12.177182974877974,nan,272940.0,nan,nan,1s.3d,3D,1,1s.5p,3P*,0,AAA,L885,poor
He I,Ritz vacuum,1298.8424072010894,1301.3304159520383,1284.2613044,17.069111552038294,17.069111552038294,-3384.4288540815924,573.72,-3958.1488540815926,1.4015729612572303,12.178539415263167,nan,204660.0,nan,nan,1s.3d,3D,2,1s.5p,3P*,1,AAA,L885,poor
He I,Ritz vacuum,1298.842746293187,1301.3307556936868,1284.2613044,17.069451293686825,17.069451293686825,-3384.5071116773097,573.72,-3958.22711167731,1.4015729612572303,12.178781815521964,nan,229270.0,nan,nan,1s.3d,3D,3,1s.5p,3P*,2,AAA,L885,poor
He I,Ritz vacuum,1298.8431704083769,1301.3311806212942,1284.2613044,17.06987622129418,17.06987622129418,-3384.604991354549,573.72,-3958.3249913545487,1.4015729612572303,12.179084994606535,nan,40931.0,nan,nan,1s.3d,3D,2,1s.5p,3P*,2,AAA,L885,poor
He I,Ritz vacuum,1298.8498632261485,1301.3378862595505,1284.2613044,17.076581859550515,17.076581859550515,-3386.14959297199,573.72,-3959.8695929719897,1.4015729612572303,12.183869360773473,nan,68235.0,nan,nan,1s.3d,3D,1,1s.5p,3P*,1,AAA,L885,poor
He I,Ritz vacuum,1298.8506264334355,1301.3386509288057,1284.2613044,17.07734652880572,17.07734652880572,-3386.3257292108797,573.72,-3960.0457292108795,1.4015729612572303,12.184414940116357,nan,2729.4,nan,nan,1s.3d,3D,1,1s.5p,3P*,2,AAA,L885,poor
Fe II,Ritz vacuum,1298.9366207895368,1301.4248100121358,1284.2613044,17.16350561213585,17.16350561213585,-3406.171196377346,573.72,-3979.891196377346,1.4015729612572303,12.245888074738506,7.0,nan,57411.086,65109.691,3d5.4s2,d 4P,5/2,3d6.(3F2).4p,y 2G*,7/2,,L18349c139,poor
Fe II,Ritz vacuum,1299.3816016466835,1301.870643256193,1284.2613044,17.609338856193062,17.609338856193062,-3508.840807804995,573.72,-4082.5608078049954,1.4015729612572303,12.563982998357247,nan,0.00513,25805.327,33501.2957,3d6.(3G).4s,a 4G,9/2,3d6.(1G2).4s,c 2G,7/2,C,,poor
O I,Observed vacuum,1299.4323154206022,1301.9214541753179,1284.2613044,17.660149775317905,17.660149775317905,-3520.539619451256,573.72,-4094.259619451256,1.4015729612572303,12.600235780430943,120.0,nan,116631.094,124326.779,2s2.2p3.(2D*).3p,1D,2,2s2.2p3.(2D*<3/2>).3d,1F*,3,,L3760,poor
O III,Ritz vacuum,1299.4953325361278,1301.9845920038213,1284.2613044,17.72328760382129,17.72328760382129,-3535.075953246197,573.72,-4108.795953246197,1.4015729612572303,12.64528361614743,nan,18000000.0,394197.9,401893.2,2s.2p2.(2D).3s,3D,3,2s2.2p.(2P*).5d,3F*,4,C+,,poor
Fe II,Ritz vacuum,1299.8556303935743,1302.3455800329293,1284.2613044,18.084275632929348,18.084275632929348,-3618.1730092482558,573.72,-4191.893009248256,1.4015729612572303,12.902842829321923,1.2,nan,104042.692,111735.854,3d6.(3H).4d,4G,5/2,3d6.(3H).5p,4H*,7/2,,L18349c139,poor
Fe I,Ritz vacuum,1299.9222084763035,1302.412285649878,1284.2613044,18.150981249877987,18.150981249877987,-3633.52561909566,573.72,-4207.24561909566,1.4015729612572303,12.950436225308104,7.0,nan,43499.505,51192.273,3d6.(3P2).4s.4p.(3P*),w 5D*,4,3d6.(5D).4s (6D).4d,e 7F,4,,L11631,poor
C I,Ritz vacuum,1300.1465093968911,1302.6370162320243,1284.2613044,18.375711832024308,18.375711832024308,-3685.2424870439636,573.72,-4258.962487043964,1.4015729612572303,13.11077791878993,nan,36000.0,79310.86822,87002.31,2s2.2p.3d,3P*,2,2s2.2p.6p,3D,3,D,,poor
