Te,ne,intrinsic_ratio,observed_ratio,ratio_sigma,ratio_observed_minus_intrinsic,required_Av,A_Pa_beta,A_Pa_gamma,predicted_ratio,ratio_residual,ratio_residual_sigma,solution_class,required_Av_minus_1sigma,required_Av_plus_1sigma,required_Av_uncertainty,CHAOS_Av,CHAOS_Av_sigma,delta_Av,difference_sigma
5000.0,100.0,1.86325967,3.352378,0.103204,1.48911833,5.71343197,2.0604464,2.6981454,3.352378,-4.4408921e-16,-4.3030232300000005e-15,positive_Av,5.40925838,6.008382,0.299561813,2.2372027972027975,0.028181818181818183,3.476229172797203,123.35006742183623
5000.0,1000.0,1.85891544,3.352378,0.103204,1.49346256,5.73613854,2.06863512,2.70886848,3.352378,8.8817842e-16,8.606046470000001e-15,positive_Av,5.43196495,6.03108858,0.299561813,2.2372027972027975,0.028181818181818183,3.4989357427972023,124.1557844218362
5000.0,10000.0,1.85059578,3.352378,0.103204,1.50178222,5.77977255,2.08437094,2.72947447,3.352378,0.0,0.0,positive_Av,5.47559896,6.07472259,0.299561813,2.2372027972027975,0.028181818181818183,3.542569752797202,125.70408800248137
5000.0,100000.0,1.83691183,3.352378,0.103204,1.51546617,5.85196907,2.11040731,2.76356899,3.352378,8.8817842e-16,8.606046470000001e-15,positive_Av,5.54779548,6.1469191,0.299561813,2.2372027972027975,0.028181818181818183,3.6147662727972025,128.26590000248137
5000.0,1000000.0,1.81628013,3.352378,0.103204,1.53609787,5.96184508,2.15003212,2.81545749,3.352378,-8.8817842e-16,-8.606046470000001e-15,positive_Av,5.65767149,6.25679511,0.299561813,2.2372027972027975,0.028181818181818183,3.7246422827972023,132.1647261637717
5000.0,10000000.0,1.77301162,3.352378,0.103204,1.57936638,6.19638667,2.23461532,2.92621882,3.352378,8.8817842e-16,8.606046470000001e-15,positive_Av,5.89221307,6.4913367,0.299561813,2.2372027972027975,0.028181818181818183,3.9591838727972024,140.48716967990072
5000.0,100000000.0,1.67550767,3.352378,0.103204,1.67687033,6.74661249,2.43304435,3.18606076,3.352378,0.0,0.0,positive_Av,6.44243889,7.04156252,0.299561813,2.2372027972027975,0.028181818181818183,4.5094096927972025,160.01131167990073
5000.0,1000000000.0,1.5962291,3.352378,0.103204,1.7561489,7.2181303,2.60308877,3.40873316,3.352378,0.0,0.0,positive_Av,6.9139567,7.51308033,0.299561813,2.2372027972027975,0.028181818181818183,4.980927502797202,176.742588808933
5000.0,10000000000.0,1.48699575,3.352378,0.103204,1.86538225,7.90768303,2.85176355,3.73437168,3.352378,0.0,0.0,positive_Av,7.60350944,8.20263307,0.299561813,2.2372027972027975,0.028181818181818183,5.670480232797203,201.2105889057072
5000.0,100000000000.0,1.28589947,3.352378,0.103204,2.06647853,9.32109694,3.36148583,4.40185075,3.352378,4.4408921e-16,4.3030232300000005e-15,positive_Av,9.01692335,9.61604697,0.299561813,2.2372027972027975,0.028181818181818183,7.083894142797202,251.36398571215878
5000.0,1000000000000.0,1.65558397,3.352378,0.103204,1.69679403,6.86297795,2.47500946,3.24101389,3.352378,-4.4408921e-16,-4.3030232300000005e-15,positive_Av,6.55880436,7.15792799,0.299561813,2.2372027972027975,0.028181818181818183,4.625775152797203,164.1404086476427
5000.0,10000000000000.0,2.20702268,3.352378,0.103204,1.14535532,4.06638474,1.46646846,1.92033393,3.352378,0.0,0.0,positive_Av,3.76221114,4.36133477,0.299561813,2.2372027972027975,0.028181818181818183,1.8291819427972027,64.90645603473945
5000.0,100000000000000.0,2.38739377,3.352378,0.103204,0.964984232,3.30220506,1.19088081,1.55945313,3.352378,0.0,0.0,positive_Av,2.99803146,3.59715509,0.299561813,2.2372027972027975,0.028181818181818183,1.0650022627972024,37.79040287344912
7500.0,100.0,1.82737694,3.352378,0.103204,1.52500106,5.90259381,2.12866421,2.78747632,3.352378,4.4408921e-16,4.3030232300000005e-15,positive_Av,5.59842021,6.19754384,0.299561813,2.2372027972027975,0.028181818181818183,3.6653910127972025,130.06226174441684
7500.0,1000.0,1.82479784,3.352378,0.103204,1.52758016,5.91633269,2.13361889,2.79396445,3.352378,4.4408921e-16,4.3030232300000005e-15,positive_Av,5.6121591,6.21128273,0.299561813,2.2372027972027975,0.028181818181818183,3.6791298927972025,130.54977038957816
7500.0,10000.0,1.81952862,3.352378,0.103204,1.53284938,5.94446241,2.14376337,2.80724859,3.352378,4.4408921e-16,4.3030232300000005e-15,positive_Av,5.64028881,6.23941244,0.299561813,2.2372027972027975,0.028181818181818183,3.7072596127972024,131.54792174441687
7500.0,100000.0,1.8102288,3.352378,0.103204,1.5421492,5.99430876,2.16173956,2.83078834,3.352378,4.4408921e-16,4.3030232300000005e-15,positive_Av,5.69013517,6.2892588,0.299561813,2.2372027972027975,0.028181818181818183,3.7571059627972025,133.31666319602977
7500.0,1000000.0,1.79488904,3.352378,0.103204,1.55748896,6.07709106,2.1915935,2.86988195,3.352378,-8.8817842e-16,-8.606046470000001e-15,positive_Av,5.77291747,6.37204109,0.299561813,2.2372027972027975,0.028181818181818183,3.8398882627972024,136.25409964764265
7500.0,10000000.0,1.76604278,3.352378,0.103204,1.58633522,6.23469641,2.24843104,2.94431044,3.352378,-4.4408921e-16,-4.3030232300000005e-15,positive_Av,5.93052282,6.52964645,0.299561813,2.2372027972027975,0.028181818181818183,3.9974936127972023,141.84654755086845
7500.0,100000000.0,1.68571429,3.352378,0.103204,1.66666371,6.68753505,2.41173914,3.15816168,3.352378,-4.4408921e-16,-4.3030232300000005e-15,positive_Av,6.38336145,6.98248508,0.299561813,2.2372027972027975,0.028181818181818183,4.450332252797203,157.91501542183624
7500.0,1000000000.0,1.62379055,3.352378,0.103204,1.72858745,7.05160132,2.54303309,3.33009052,3.352378,4.4408921e-16,4.3030232300000005e-15,positive_Av,6.74742772,7.34655135,0.299561813,2.2372027972027975,0.028181818181818183,4.814398522797202,170.83349597022328
7500.0,10000000000.0,1.53563218,3.352378,0.103204,1.81674582,7.59460678,2.73885823,3.58652267,3.352378,0.0,0.0,positive_Av,7.29043319,7.88955681,0.299561813,2.2372027972027975,0.028181818181818183,5.357403982797203,190.1014316476427
7500.0,100000000000.0,1.36381997,3.352378,0.103204,1.98855803,8.74881148,3.15510138,4.13159123,3.352378,-8.8817842e-16,-8.606046470000001e-15,positive_Av,8.44463789,9.04376152,0.299561813,2.2372027972027975,0.028181818181818183,6.511608682797203,231.05708229280395
7500.0,1000000000000.0,1.66719088,3.352378,0.103204,1.68518712,6.79501802,2.45050094,3.20892008,3.352378,-8.8817842e-16,-8.606046470000001e-15,positive_Av,6.49084442,7.08996805,0.299561813,2.2372027972027975,0.028181818181818183,4.557815222797203,161.7289272605459
7500.0,10000000000000.0,2.03075292,3.352378,0.103204,1.32162508,4.87608849,1.75847354,2.30271329,3.352378,-8.8817842e-16,-8.606046470000001e-15,positive_Av,4.5719149,5.17103852,0.299561813,2.2372027972027975,0.028181818181818183,2.6388856927972024,93.63787942183622
7500.0,100000000000000.0,2.13395639,3.352378,0.103204,1.21842161,4.39388076,1.58457401,2.07499261,3.352378,4.4408921e-16,4.3030232300000005e-15,positive_Av,4.08970717,4.68883079,0.299561813,2.2372027972027975,0.028181818181818183,2.1566779627972026,76.52728255086848
10000.0,100.0,1.80483438,3.352378,0.103204,1.54754362,6.02333998,2.17220914,2.84449821,3.352378,-4.4408921e-16,-4.3030232300000005e-15,positive_Av,5.71916638,6.31829001,0.299561813,2.2372027972027975,0.028181818181818183,3.786137182797203,134.3468032605459
10000.0,1000.0,1.80304387,3.352378,0.103204,1.54933413,6.03299516,2.17569111,2.84905783,3.352378,4.4408921e-16,4.3030232300000005e-15,positive_Av,5.72882157,6.3279452,0.299561813,2.2372027972027975,0.028181818181818183,3.795792362797202,134.6894064218362
10000.0,10000.0,1.79946285,3.352378,0.103204,1.55291515,6.05233433,2.18266543,2.85819068,3.352378,4.4408921e-16,4.3030232300000005e-15,positive_Av,5.74816074,6.34728436,0.299561813,2.2372027972027975,0.028181818181818183,3.8151315327972024,135.37563503473945
10000.0,100000.0,1.79230081,3.352378,0.103204,1.56007719,6.0911284,2.19665582,2.87651102,3.352378,-4.4408921e-16,-4.3030232300000005e-15,positive_Av,5.7869548,6.38607843,0.299561813,2.2372027972027975,0.028181818181818183,3.853925602797202,136.75219880893297
10000.0,1000000.0,1.78206278,3.352378,0.103204,1.57031522,6.14685394,2.21675223,2.90282719,3.352378,8.8817842e-16,8.606046470000001e-15,positive_Av,5.84268035,6.44180397,0.299561813,2.2372027972027975,0.028181818181818183,3.9096511427972023,138.72955667990072
10000.0,10000000.0,1.75849732,3.352378,0.103204,1.59388068,6.27634687,2.26345153,2.96397971,3.352378,-4.4408921e-16,-4.3030232300000005e-15,positive_Av,5.97217328,6.57129691,0.299561813,2.2372027972027975,0.028181818181818183,4.039144072797203,143.3244670992556
10000.0,100000000.0,1.69104991,3.352378,0.103204,1.66132809,6.65679384,2.40065288,3.14364427,3.352378,0.0,0.0,positive_Av,6.35262025,6.95174388,0.299561813,2.2372027972027975,0.028181818181818183,4.419591042797203,156.82419829280397
10000.0,1000000000.0,1.64347826,3.352378,0.103204,1.70889974,6.93436796,2.50075499,3.27472753,3.352378,4.4408921e-16,4.3030232300000005e-15,positive_Av,6.63019436,7.22931799,0.299561813,2.2372027972027975,0.028181818181818183,4.697165162797203,166.6736025508685
10000.0,10000000000.0,1.57056856,3.352378,0.103204,1.78180944,7.37577907,2.65994196,3.48318216,3.352378,0.0,0.0,positive_Av,7.07160548,7.6707291,0.299561813,2.2372027972027975,0.028181818181818183,5.138576272797202,182.3365774218362
10000.0,100000000000.0,1.42114943,3.352378,0.103204,1.93122857,8.34826362,3.010651,3.9424341,3.352378,8.8817842e-16,8.606046470000001e-15,positive_Av,8.04409002,8.64321365,0.299561813,2.2372027972027975,0.028181818181818183,6.111060822797203,216.8440937121588
10000.0,1000000000000.0,1.67198642,3.352378,0.103204,1.68039158,6.76707754,2.44042471,3.1957253,3.352378,-8.8817842e-16,-8.606046470000001e-15,positive_Av,6.46290394,7.06202757,0.299561813,2.2372027972027975,0.028181818181818183,4.529874742797203,160.73749087344913
10000.0,10000000000000.0,1.94123163,3.352378,0.103204,1.41114637,5.3146474,1.91663192,2.50982097,3.352378,8.8817842e-16,8.606046470000001e-15,positive_Av,5.0104738,5.60959743,0.299561813,2.2372027972027975,0.028181818181818183,3.0774446027972027,109.19964719602977
10000.0,100000000000000.0,2.01292705,3.352378,0.103204,1.33945095,4.96185391,1.7894033,2.34321566,3.352378,-4.4408921e-16,-4.3030232300000005e-15,positive_Av,4.65768032,5.25680394,0.299561813,2.2372027972027975,0.028181818181818183,2.724651112797203,96.68116851861042
12500.0,100.0,1.79008877,3.352378,0.103204,1.56228923,6.10314147,2.20098812,2.88218415,3.352378,8.8817842e-16,8.606046470000001e-15,positive_Av,5.79896788,6.3980915,0.299561813,2.2372027972027975,0.028181818181818183,3.8659386727972023,137.17846903473944
12500.0,1000.0,1.78876404,3.352378,0.103204,1.56361396,6.1103429,2.20358518,2.885585,3.352378,0.0,0.0,positive_Av,5.80616931,6.40529294,0.299561813,2.2372027972027975,0.028181818181818183,3.8731401027972026,137.43400364764267
12500.0,10000.0,1.78539326,3.352378,0.103204,1.56698474,6.1286911,2.21020213,2.89424986,3.352378,-4.4408921e-16,-4.3030232300000005e-15,positive_Av,5.82451751,6.42364113,0.299561813,2.2372027972027975,0.028181818181818183,3.8914883027972027,138.085068808933
12500.0,100000.0,1.78005173,3.352378,0.103204,1.57232627,6.15783771,2.22071333,2.90801423,3.352378,4.4408921e-16,4.3030232300000005e-15,positive_Av,5.85366412,6.45278775,0.299561813,2.2372027972027975,0.028181818181818183,3.9206349127972024,139.1193033573201
12500.0,1000000.0,1.77126761,3.352378,0.103204,1.58111039,6.20595987,2.23806772,2.93073972,3.352378,-4.4408921e-16,-4.3030232300000005e-15,positive_Av,5.90178628,6.5009099,0.299561813,2.2372027972027975,0.028181818181818183,3.9687570727972026,140.82686387344913
12500.0,10000000.0,1.75383228,3.352378,0.103204,1.59854572,6.30218706,2.27277032,2.97618263,3.352378,-8.8817842e-16,-8.606046470000001e-15,positive_Av,5.99801346,6.59713709,0.299561813,2.2372027972027975,0.028181818181818183,4.064984262797202,144.24137706699747
12500.0,100000000.0,1.69506335,3.352378,0.103204,1.65731465,6.63373432,2.39233688,3.1327545,3.352378,-1.33226763e-15,-1.29090697e-14,positive_Av,6.32956073,6.92868435,0.299561813,2.2372027972027975,0.028181818181818183,4.396531522797202,156.0059572605459
12500.0,1000000000.0,1.65699155,3.352378,0.103204,1.69538645,6.85471108,2.47202817,3.23710989,3.352378,0.0,0.0,positive_Av,6.55053749,7.14966111,0.299561813,2.2372027972027975,0.028181818181818183,4.617508282797203,163.8470680992556
12500.0,10000000000.0,1.59786477,3.352378,0.103204,1.75451323,7.20816745,2.59949584,3.40402825,3.352378,4.4408921e-16,4.3030232300000005e-15,positive_Av,6.90399386,7.50311749,0.299561813,2.2372027972027975,0.028181818181818183,4.970964652797203,176.38906832506206
12500.0,100000000000.0,1.46675359,3.352378,0.103204,1.88562441,8.04101241,2.89984639,3.79733594,3.352378,-8.8817842e-16,-8.606046470000001e-15,positive_Av,7.73683881,8.33596244,0.299561813,2.2372027972027975,0.028181818181818183,5.8038096127972025,205.9416314218362
12500.0,1000000000000.0,1.67632114,3.352378,0.103204,1.67605686,6.74189081,2.43134157,3.18383097,3.352378,-4.4408921e-16,-4.3030232300000005e-15,positive_Av,6.43771722,7.03684085,0.299561813,2.2372027972027975,0.028181818181818183,4.504688012797203,159.84376819602977
12500.0,10000000000000.0,1.88836105,3.352378,0.103204,1.46401695,5.58325902,2.01350187,2.63667174,3.352378,0.0,0.0,positive_Av,5.27908543,5.87820906,0.299561813,2.2372027972027975,0.028181818181818183,3.3460562227972024,118.73102726054589
12500.0,100000000000000.0,1.94183865,3.352378,0.103204,1.41053935,5.3116061,1.91553513,2.50838473,3.352378,4.4408921e-16,4.3030232300000005e-15,positive_Av,5.0074325,5.60655613,0.299561813,2.2372027972027975,0.028181818181818183,3.074403302797202,109.09173009925556
15000.0,100.0,1.77829099,3.352378,0.103204,1.57408701,6.1674645,2.22418506,2.91256044,3.352378,4.4408921e-16,4.3030232300000005e-15,positive_Av,5.86329091,6.46241453,0.299561813,2.2372027972027975,0.028181818181818183,3.930261702797203,139.46089913151366
15000.0,1000.0,1.77693248,3.352378,0.103204,1.57544552,6.17489866,2.22686605,2.91607119,3.352378,-4.4408921e-16,-4.3030232300000005e-15,positive_Av,5.87072507,6.46984869,0.299561813,2.2372027972027975,0.028181818181818183,3.9376958627972027,139.72469190570718
15000.0,10000.0,1.77469765,3.352378,0.103204,1.57768035,6.18714068,2.23128092,2.92185244,3.352378,4.4408921e-16,4.3030232300000005e-15,positive_Av,5.88296709,6.48209071,0.299561813,2.2372027972027975,0.028181818181818183,3.9499378827972023,140.1590861637717
15000.0,100000.0,1.77070583,3.352378,0.103204,1.58167217,6.20904554,2.23918051,2.93219692,3.352378,-1.33226763e-15,-1.29090697e-14,positive_Av,5.90487195,6.50399558,0.299561813,2.2372027972027975,0.028181818181818183,3.9718427427972025,140.93635538957815
15000.0,1000000.0,1.76390403,3.352378,0.103204,1.58847397,6.24648405,2.25268204,2.94987711,3.352378,-8.8817842e-16,-8.606046470000001e-15,positive_Av,5.94231046,6.54143408,0.299561813,2.2372027972027975,0.028181818181818183,4.009281252797203,142.2648186476427
15000.0,10000000.0,1.74928308,3.352378,0.103204,1.60309492,6.3274519,2.28188163,2.98811385,3.352378,-4.4408921e-16,-4.3030232300000005e-15,positive_Av,6.0232783,6.62240193,0.299561813,2.2372027972027975,0.028181818181818183,4.090249102797202,145.13787138957812
15000.0,100000000.0,1.69590643,3.352378,0.103204,1.65647157,6.62889724,2.39059247,3.1304702,3.352378,4.4408921e-16,4.3030232300000005e-15,positive_Av,6.32472364,6.92384727,0.299561813,2.2372027972027975,0.028181818181818183,4.391694442797203,155.83431893796526
15000.0,1000000000.0,1.66750188,3.352378,0.103204,1.68487612,6.79320358,2.44984659,3.20806322,3.352378,4.4408921e-16,4.3030232300000005e-15,positive_Av,6.48902999,7.08815362,0.299561813,2.2372027972027975,0.028181818181818183,4.556000782797202,161.66454390570718
15000.0,10000000000.0,1.61889834,3.352378,0.103204,1.73347966,7.08095318,2.55361831,3.34395182,3.352378,-8.8817842e-16,-8.606046470000001e-15,positive_Av,6.77677959,7.37590321,0.299561813,2.2372027972027975,0.028181818181818183,4.843750382797202,171.8750135831265
15000.0,100000000000.0,1.50387597,3.352378,0.103204,1.84850203,7.79787845,2.8121645,3.68251691,3.352378,4.4408921e-16,4.3030232300000005e-15,positive_Av,7.49370486,8.09282849,0.299561813,2.2372027972027975,0.028181818181818183,5.560675652797203,197.3142973573201
15000.0,1000000000000.0,1.68134172,3.352378,0.103204,1.67103628,6.7128002,2.42085056,3.17009304,3.352378,-8.8817842e-16,-8.606046470000001e-15,positive_Av,6.40862661,7.00775023,0.299561813,2.2372027972027975,0.028181818181818183,4.475597402797202,158.81152074441684
15000.0,10000000000000.0,1.85280528,3.352378,0.103204,1.49957272,5.76816533,2.080185,2.72399301,3.352378,4.4408921e-16,4.3030232300000005e-15,positive_Av,5.46399174,6.06311536,0.299561813,2.2372027972027975,0.028181818181818183,3.530962532797203,125.2922189057072
15000.0,100000000000000.0,1.89483997,3.352378,0.103204,1.45753803,5.54994095,2.00148631,2.62093742,3.352378,0.0,0.0,positive_Av,5.24576736,5.84489099,0.299561813,2.2372027972027975,0.028181818181818183,3.3127381527972024,117.5487731637717
20000.0,100.0,1.76265238,3.352378,0.103204,1.58972562,6.25338913,2.25517223,2.953138,3.352378,1.33226763e-15,1.29090697e-14,positive_Av,5.94921553,6.54833916,0.299561813,2.2372027972027975,0.028181818181818183,4.0161863327972025,142.5098376153846
20000.0,1000.0,1.76154414,3.352378,0.103204,1.59083386,6.25950711,2.25737857,2.9560272,3.352378,-4.4408921e-16,-4.3030232300000005e-15,positive_Av,5.95533352,6.55445715,0.299561813,2.2372027972027975,0.028181818181818183,4.022304312797203,142.72692722828785
20000.0,10000.0,1.75979305,3.352378,0.103204,1.59258495,6.2691818,2.26086757,2.96059603,3.352378,4.4408921e-16,4.3030232300000005e-15,positive_Av,5.96500821,6.56413184,0.299561813,2.2372027972027975,0.028181818181818183,4.031979002797202,143.07022267990072
20000.0,100000.0,1.75679674,3.352378,0.103204,1.59558126,6.28575859,2.26684569,2.96842435,3.352378,0.0,0.0,positive_Av,5.981585,6.58070863,0.299561813,2.2372027972027975,0.028181818181818183,4.0485557927972025,143.65843135732007
20000.0,1000000.0,1.75268817,3.352378,0.103204,1.59968983,6.30853491,2.27505956,2.97918038,3.352378,0.0,0.0,positive_Av,6.00436131,6.60348494,0.299561813,2.2372027972027975,0.028181818181818183,4.071332112797203,144.4666233573201
20000.0,10000000.0,1.7427031,3.352378,0.103204,1.6096749,6.36411151,2.29510226,3.00542621,3.352378,4.4408921e-16,4.3030232300000005e-15,positive_Av,6.05993792,6.65906155,0.299561813,2.2372027972027975,0.028181818181818183,4.126908712797203,146.4386962605459
20000.0,100000000.0,1.69783518,3.352378,0.103204,1.65454282,6.61784035,2.386605,3.12524863,3.352378,-1.77635684e-15,-1.72120929e-14,positive_Av,6.31366675,6.91279038,0.299561813,2.2372027972027975,0.028181818181818183,4.380637552797202,155.4419776799007
20000.0,1000000000.0,1.6835333,3.352378,0.103204,1.6688447,6.70012882,2.41628086,3.16410903,3.352378,-8.8817842e-16,-8.606046470000001e-15,positive_Av,6.39595523,6.99507885,0.299561813,2.2372027972027975,0.028181818181818183,4.462926022797202,158.3618911315136
20000.0,10000000000.0,1.65275995,3.352378,0.103204,1.69961805,6.87958504,2.48099851,3.24885652,3.352378,0.0,0.0,positive_Av,6.57541145,7.17453507,0.299561813,2.2372027972027975,0.028181818181818183,4.642382242797202,164.72969248635235
20000.0,100000000000.0,1.56312094,3.352378,0.103204,1.78925706,7.42201695,2.67661682,3.50501782,3.352378,-4.4408921e-16,-4.3030232300000005e-15,positive_Av,7.11784336,7.71696698,0.299561813,2.2372027972027975,0.028181818181818183,5.184814152797202,183.97727638957812
20000.0,1000000000000.0,1.69033284,3.352378,0.103204,1.66204516,6.66091961,2.40214076,3.14559264,3.352378,-1.33226763e-15,-1.29090697e-14,positive_Av,6.35674602,6.95586964,0.299561813,2.2372027972027975,0.028181818181818183,4.423716812797203,156.97059658312654
20000.0,10000000000000.0,1.81065476,3.352378,0.103204,1.54172324,5.99202009,2.16091419,2.82970752,3.352378,0.0,0.0,positive_Av,5.6878465,6.28697013,0.299561813,2.2372027972027975,0.028181818181818183,3.754817292797202,133.235452325062
20000.0,100000000000000.0,1.83823529,3.352378,0.103204,1.51414271,5.84496303,2.10788071,2.76026041,3.352378,4.4408921e-16,4.3030232300000005e-15,positive_Av,5.54078944,6.13991307,0.299561813,2.2372027972027975,0.028181818181818183,3.6077602327972023,128.01729858312652
30000.0,100.0,1.74400462,3.352378,0.103204,1.60837338,6.35684928,2.29248327,3.00199664,3.352378,-8.8817842e-16,-8.606046470000001e-15,positive_Av,6.05267568,6.65179931,0.299561813,2.2372027972027975,0.028181818181818183,4.119646482797203,146.18100422828783
30000.0,1000.0,1.74342676,3.352378,0.103204,1.60895124,6.36007301,2.29364585,3.00351904,3.352378,0.0,0.0,positive_Av,6.05589941,6.65502304,0.299561813,2.2372027972027975,0.028181818181818183,4.122870212797203,146.29539464764267
30000.0,10000.0,1.74248555,3.352378,0.103204,1.60989245,6.36532596,2.29554023,3.00599973,3.352378,0.0,0.0,positive_Av,6.06115237,6.660276,0.299561813,2.2372027972027975,0.028181818181818183,4.128123162797202,146.48178964764264
30000.0,100000.0,1.74089069,3.352378,0.103204,1.61148731,6.37423351,2.29875258,3.01020628,3.352378,-4.4408921e-16,-4.3030232300000005e-15,positive_Av,6.07005992,6.66918354,0.299561813,2.2372027972027975,0.028181818181818183,4.137030712797202,146.79786400248136
30000.0,1000000.0,1.73920603,3.352378,0.103204,1.61317197,6.38365147,2.302149,3.01465387,3.352378,0.0,0.0,positive_Av,6.07947788,6.6786015,0.299561813,2.2372027972027975,0.028181818181818183,4.146448672797202,147.13204967990072
30000.0,10000000.0,1.73502036,3.352378,0.103204,1.61735764,6.40709065,2.31060191,3.02572293,3.352378,8.8817842e-16,8.606046470000001e-15,positive_Av,6.10291706,6.70204068,0.299561813,2.2372027972027975,0.028181818181818183,4.169887852797203,147.96376251861042
30000.0,100000000.0,1.69839909,3.352378,0.103204,1.65397891,6.61461006,2.38544005,3.12372314,3.352378,0.0,0.0,positive_Av,6.31043646,6.90956009,0.299561813,2.2372027972027975,0.028181818181818183,4.3774072627972025,155.32735448635233
30000.0,1000000000.0,1.70157938,3.352378,0.103204,1.65079862,6.59641189,2.37887721,3.11512913,3.352378,-4.4408921e-16,-4.3030232300000005e-15,positive_Av,6.29223829,6.89136192,0.299561813,2.2372027972027975,0.028181818181818183,4.359209092797203,154.6816129702233
30000.0,10000000000.0,1.69737191,3.352378,0.103204,1.65500609,6.62049497,2.38756234,3.12650227,3.352378,-8.8817842e-16,-8.606046470000001e-15,positive_Av,6.31632138,6.915445,0.299561813,2.2372027972027975,0.028181818181818183,4.383292172797203,155.53617387344914
30000.0,100000000000.0,1.6442055,3.352378,0.103204,1.7081725,6.93006447,2.49920301,3.27269523,3.352378,4.4408921e-16,4.3030232300000005e-15,positive_Av,6.62589088,7.22501451,0.299561813,2.2372027972027975,0.028181818181818183,4.692861672797202,166.52089806699746
30000.0,1000000000000.0,1.70989686,3.352378,0.103204,1.64248114,6.54897832,2.36177115,3.09272882,3.352378,0.0,0.0,positive_Av,6.24480473,6.84392836,0.299561813,2.2372027972027975,0.028181818181818183,4.311775522797202,152.99848629280393
30000.0,10000000000000.0,1.77036878,3.352378,0.103204,1.58200922,6.21089736,2.23984834,2.93307143,3.352378,0.0,0.0,positive_Av,5.90672376,6.50584739,0.299561813,2.2372027972027975,0.028181818181818183,3.9736945627972022,141.00206513151363
30000.0,100000000000000.0,1.78342589,3.352378,0.103204,1.56895211,6.13941611,2.21406991,2.8993147,3.352378,-4.4408921e-16,-4.3030232300000005e-15,positive_Av,5.83524251,6.43436614,0.299561813,2.2372027972027975,0.028181818181818183,3.9022133127972025,138.46563367990072
