element,sp_num,obs_wl_air(nm),unc_obs_wl,ritz_wl_air(nm),unc_ritz_wl,intens,Aki(s^-1),Acc,Ei(cm-1),Ek(cm-1),conf_i,term_i,J_i,conf_k,term_k,J_k,Type,tp_ref,line_ref,
Cs,2,"=""1270.0492""","=""0.0003""","=""1270.04921""","=""0.00024""","=""1500""","=""""",,"=""166591.8501""","=""174463.4074""","=""5p5.(2P*<3/2>).5f""","=""2[5/2]""","=""3""","=""5p5.(2P*<3/2>).6g""","=""2[5/2]*""","=""3""",,"=""""","=""L12126""",
Ar,1,"=""1270.2281""","=""""","=""1270.2280""","=""""","=""150""","=""7.1e+06""",D,"=""107496.4166""","=""115366.866""","=""3s2.3p5.(2P*<1/2>).4p""","=""2[1/2]""","=""1""","=""3s2.3p5.(2P*<1/2>).3d""","=""2[3/2]*""","=""1""",,"=""T1618n""","=""L2634""",
Fe,2,"=""""","=""""","=""1270.34348""","=""0.00011""","=""""","=""3.60e-03""",C+,"=""977.0498""","=""8846.7837""","=""3d6.(5D).4s""","=""a 6D""","=""1/2""","=""3d6.(5D).4s""","=""a 4D""","=""1/2""",M1,"=""T8961""","=""""",
Fe,2,"=""1270.5705""","=""0.0002""","=""1270.57208""","=""0.00018""","=""11""","=""1.1e+04""",D,"=""54283.236""","=""62151.554""","=""3d5.4s2""","=""b 4G""","=""7/2""","=""3d6.(3F2).4p""","=""y 4F*""","=""5/2""",,"=""T6892c83""","=""L18349c145""",
S,2,"=""""","=""""","=""1270.620""","=""0.006""","=""""","=""2.39e+06""",C+,"=""130641.154""","=""138509.175""","=""3s2.3p2.(3P).4p""","=""2D*""","=""3/2""","=""3s2.3p2.(1D).3d""","=""2F""","=""5/2""",,"=""T3186c85""","=""""",
N,1,"=""""","=""""","=""1270.8899""","=""""","=""""","=""2.60e+06""",C+,"=""96787.680""","=""104654.030""","=""2s2.2p2.(3P).3p""","=""2D*""","=""3/2""","=""2s2.2p2.(3P).3d""","=""2P""","=""1/2""",,"=""T7370""","=""""",
C,1,"=""""","=""""","=""1271.0""","=""0.3""","=""""","=""2.4e+04""",D,"=""80782.44916""","=""88648.4""","=""2s2.2p.4p""","=""3D""","=""1""","=""2s2.2p.(2P*<3/2>).7d""","=""2[1/2]*""","=""0""",,"=""T5520LS""","=""""",
Fe,2,"=""1271.12375""","=""0.00006""","=""1271.12361""","=""0.00013""","=""28""","=""""",,"=""107165.760""","=""115030.664""","=""3d6.(5D).6p""","=""4F*""","=""7/2""","=""3d6.(3D).4d""","=""4F""","=""9/2""",,"=""""","=""L18349c139""",
N,1,"=""""","=""""","=""1271.1679""","=""""","=""""","=""6.70e+04""",C+,"=""96750.840""","=""104615.470""","=""2s2.2p2.(3P).3p""","=""4S*""","=""3/2""","=""2s2.2p2.(3P).3d""","=""2P""","=""3/2""",,"=""T7370""","=""""",
C,1,"=""""","=""""","=""1271.20""","=""0.03""","=""""","=""6.e+03""",D,"=""80782.44916""","=""88646.9""","=""2s2.2p.4p""","=""3D""","=""1""","=""2s2.2p.(2P*<3/2>).7d""","=""2[1/2]*""","=""1""",,"=""T5520LS""","=""""",
Ar,2,"=""1271.262""","=""0.002""","=""1271.25877""","=""0.00006""","=""0.0386""","=""""",,"=""195866.8503""","=""203730.9181""","=""3s2.3p4.(1D).5s""","=""2D""","=""3/2""","=""3s2.3p4.(3P).6p""","=""2P*""","=""3/2""",,"=""""","=""L13470""",
N,1,"=""""","=""""","=""1271.63""","=""""","=""""","=""1.40e+05""",C+,"=""112294.007""","=""120155.8""","=""2s2.2p2.(1D).3p""","=""2P*""","=""1/2""","=""2s2.2p2.(1D).3d""","=""2D""","=""3/2""",,"=""T5714""","=""""",
O,3,"=""""","=""""","=""1271.771""","=""""","=""""","=""3.14e+04""",C+,"=""366802.62""","=""374663.52""","=""2s2.2p.(2P*).4p""","=""3D""","=""3""","=""2s.2p2.(4P).3p""","=""3D*""","=""2""",,"=""T5376LS""","=""""",
S,2,"=""""","=""""","=""1271.87""","=""0.04""","=""""","=""4.66e+06""",D,"=""150258.510""","=""158118.77""","=""3s2.3p2.(3P).5s""","=""4P""","=""1/2""","=""3s2.3p2.(3P).5p""","=""4S*""","=""3/2""",,"=""u20,LS""","=""""",
Ne,1,"=""1271.8797""","=""0.0002""","=""1271.87984""","=""0.00023""","=""23""","=""""",,"=""163012.6247""","=""170872.8524""","=""2s2.2p5.(2P*<3/2>).4p""","=""2[3/2]""","=""1""","=""2s2.2p5.(2P*<3/2>).6d""","=""2[5/2]*""","=""2""",,"=""""","=""L9097""",
N,3,"=""""","=""""","=""1272.08""","=""""","=""""","=""1.10e+07""",B,"=""378432.8""","=""386291.8""","=""2s.2p.(3P*).4p""","=""4S""","=""3/2""","=""2s.2p.(3P*).4d""","=""4P*""","=""3/2""",,"=""T7192LS""","=""""",
C,1,"=""""","=""""","=""1272.09""","=""0.03""","=""""","=""2.8e+04""",D,"=""81311.0544""","=""89170.01""","=""2s2.2p.4p""","=""3P""","=""0""","=""2s2.2p.(2P*<3/2>).8d""","=""2[1/2]*""","=""1""",,"=""T5520LS""","=""""",
Fe,2,"=""1272.14465""","=""0.00018""","=""1272.14231""","=""0.00015""","=""1.4""","=""9.e+03""",D,"=""94685.083""","=""102543.689""","=""3d5.(4D).4s.4p.(3P*)""","=""6P*""","=""5/2""","=""3d6.(5D).6s""","=""6D""","=""3/2""",,"=""T6892c83""","=""L18349c139""",
C,1,"=""""","=""""","=""1272.46""","=""0.06""","=""""","=""2.4e+02""",D,"=""80782.44916""","=""88639.1""","=""2s2.2p.4p""","=""3D""","=""1""","=""2s2.2p.(2P*<3/2>).7d""","=""2[3/2]*""","=""2""",,"=""T5520LS""","=""""",
Ne,1,"=""1272.6785""","=""0.0004""","=""1272.6780""","=""0.0004""","=""11""","=""""",,"=""163012.6247""","=""170867.923""","=""2s2.2p5.(2P*<3/2>).4p""","=""2[3/2]""","=""1""","=""2s2.2p5.(2P*<3/2>).6d""","=""2[3/2]*""","=""1""",,"=""""","=""L9097""",
Al,2,"=""""","=""""","=""1272.710""","=""""","=""""","=""2.09e+03""",E,"=""138561.8""","=""146416.9""","=""3s.6f""","=""3F*""","=""4""","=""3s.9g""","=""3G""","=""3""",,"=""T6298c4,LS""","=""""",
Al,2,"=""""","=""""","=""1272.710""","=""""","=""""","=""1.07e+05""",D,"=""138561.8""","=""146416.9""","=""3s.6f""","=""3F*""","=""4""","=""3s.9g""","=""3G""","=""4""",,"=""T6298c4,LS""","=""""",
Al,2,"=""""","=""""","=""1272.710""","=""""","=""""","=""1.70e+06""",C+,"=""138561.8""","=""146416.9""","=""3s.6f""","=""3F*""","=""4""","=""3s.9g""","=""3G""","=""5""",,"=""T6298c4,LS""","=""""",
Fe,1,"=""1272.9959""","=""0.0005""","=""1272.99631""","=""0.00023""","=""47""","=""""",,"=""43163.326""","=""51016.660""","=""3d6.(5D).4s (6D).5s""","=""e 7D""","=""4""","=""3d6.(5D).4s (6D).5p""","=""u 5F*""","=""5""",,"=""""","=""L11631""",
Si,2,"=""""","=""""","=""1273.164""","=""""","=""""","=""1.11e+07""",C+,"=""113962.08""","=""121814.38""","=""3s2.6p""","=""2P*""","=""1/2""","=""3s2.8s""","=""2S""","=""1/2""",,"=""T7166""","=""""",
Ar,2,"=""1273.24024""","=""0.00005""","=""1273.24026""","=""0.00005""","=""85""","=""""",,"=""183090.8927""","=""190942.7220""","=""3s2.3p4.(3P).5s""","=""2P""","=""3/2""","=""3s2.3p4.(3P).5p""","=""2S*""","=""1/2""",,"=""""","=""L11520""",
Si,4,"=""""","=""""","=""1273.292""","=""""","=""""","=""3.57e+05""",B+,"=""328200.04""","=""336051.55""","=""2p6.7f""","=""2F*""","=""5/2""","=""2p6.8d""","=""2D""","=""5/2""",,"=""c33""","=""""",
Si,4,"=""""","=""""","=""1273.292""","=""""","=""""","=""7.51e+06""",A,"=""328200.04""","=""336051.55""","=""2p6.7f""","=""2F*""","=""5/2""","=""2p6.8d""","=""2D""","=""3/2""",,"=""c33""","=""""",
Si,4,"=""""","=""""","=""1273.292""","=""""","=""""","=""7.15e+06""",A,"=""328200.04""","=""336051.55""","=""2p6.7f""","=""2F*""","=""7/2""","=""2p6.8d""","=""2D""","=""5/2""",,"=""c33""","=""""",
Ar,1,"=""1273.3418""","=""""","=""1273.3418""","=""""","=""30""","=""1.1e+06""",D,"=""105617.2700""","=""113468.473""","=""3s2.3p5.(2P*<3/2>).4p""","=""2[5/2]""","=""2""","=""3s2.3p5.(2P*<3/2>).5s""","=""2[3/2]*""","=""2""",,"=""T1618n""","=""L2634""",
Fe,2,"=""1273.37245""","=""0.00007""","=""1273.37427""","=""0.00021""","=""6""","=""""",,"=""104315.373""","=""112166.376""","=""3d6.(3H).4d""","=""2K""","=""13/2""","=""3d5.(2H).4s.4p.(3P*)""","=""4I*""","=""11/2""",,"=""""","=""L18349c145""",
Fe,2,"=""1273.4105""","=""0.0007""","=""1273.41044""","=""0.00015""","=""0.4""","=""""",,"=""107197.107""","=""115047.887""","=""3d6.(5D).6p""","=""6P*""","=""7/2""","=""3d6.(5D).6d""","=""6P""","=""5/2""",,"=""""","=""L18349c139""",
Cs,2,"=""1273.55184""","=""0.00011""","=""1273.55186""","=""0.00018""","=""200000""","=""""",,"=""149221.3163""","=""157071.2245""","=""5p5.(2P*<3/2>).7s""","=""2[3/2]*""","=""2""","=""5p5.(2P*<3/2>).7p""","=""2[3/2]""","=""2""",,"=""""","=""L12126""",
Ar,2,"=""1273.860""","=""0.002""","=""1273.86035""","=""0.00008""","=""0.0012""","=""""",,"=""147503.1134""","=""155351.1206""","=""3s2.3p4.(3P).3d""","=""4P""","=""3/2""","=""3s2.3p4.(3P).4p""","=""4P*""","=""3/2""",,"=""""","=""L13470""",
Fe,1,"=""1273.8796""","=""0.0005""","=""1273.87953""","=""0.00023""","=""8""","=""""",,"=""43922.668""","=""51770.557""","=""3d6.(3P2).4s.4p.(3P*)""","=""w 5D*""","=""3""","=""3d6.(5D).4s (4D).5s""","=""g 5D""","=""3""",,"=""""","=""L11631""",
Fe,1,"=""1273.9204""","=""0.0005""","=""1273.91947""","=""0.00023""","=""9""","=""""",,"=""47017.188""","=""54864.831""","=""3d7.(4P).4p""","=""w 3D*""","=""3""","=""3d6.4s.(6D).6s""","=""5D""","=""3""",,"=""""","=""L11631""",
Fe,2,"=""1274.1936""","=""0.0003""","=""1274.19387""","=""0.00015""","=""1.4""","=""""",,"=""106924.441""","=""114770.394""","=""3d6.(3F2).4d""","=""2G""","=""9/2""","=""3d6.(3G).5p""","=""2H*""","=""9/2""",,"=""""","=""L18349c139""",
C,1,"=""""","=""""","=""1274.25""","=""0.03""","=""""","=""1.8e+04""",D,"=""80801.28887""","=""88646.9""","=""2s2.2p.4p""","=""3D""","=""2""","=""2s2.2p.(2P*<3/2>).7d""","=""2[1/2]*""","=""1""",,"=""T5520LS""","=""""",
Si,2,"=""""","=""""","=""1274.29""","=""""","=""""","=""1.65e+05""",D+,"=""124316.9""","=""132162.29""","=""3s.3p.(3P*).3d""","=""4D*""","=""5/2""","=""3s.3p.(3P*).4p""","=""4D""","=""7/2""",,"=""T6527c4,LS""","=""""",
Fe,2,"=""1274.47921""","=""0.00007""","=""1274.47911""","=""0.00011""","=""7""","=""""",,"=""103751.672""","=""111595.869""","=""3d6.(3H).4d""","=""4H""","=""11/2""","=""3d6.(3H).5p""","=""4H*""","=""11/2""",,"=""""","=""L18349c139""",
C,1,"=""""","=""""","=""1274.48""","=""0.03""","=""""","=""2.1e+04""",D,"=""81325.81077""","=""89170.01""","=""2s2.2p.4p""","=""3P""","=""1""","=""2s2.2p.(2P*<3/2>).8d""","=""2[1/2]*""","=""1""",,"=""T5520LS""","=""""",
N,2,"=""""","=""""","=""1274.527""","=""""","=""""","=""1.64e+06""",C+,"=""202861.36""","=""210705.26""","=""2s2.2p.4p""","=""3D""","=""3""","=""2s2.2p.4d""","=""3P*""","=""2""",,"=""T5520LS""","=""""",
C,1,"=""""","=""""","=""1274.6""","=""0.3""","=""""","=""8.e+04""",D,"=""81325.81077""","=""89169.2""","=""2s2.2p.4p""","=""3P""","=""1""","=""2s2.2p.(2P*<3/2>).8d""","=""2[1/2]*""","=""0""",,"=""T5520LS""","=""""",
Ne,1,"=""1274.62264""","=""0.00015""","=""1274.62277""","=""0.00023""","=""540""","=""""",,"=""161699.6613""","=""169542.9742""","=""2s2.2p5.(2P*<3/2>).3d""","=""2[5/2]*""","=""2""","=""2s2.2p5.(2P*<3/2>).5f""","=""2[7/2]""","=""3""",,"=""""","=""L9097""",
Ar,1,"=""1274.6232""","=""""","=""1274.6232""","=""""","=""12""","=""2.0e+06""",D,"=""107131.7086""","=""114975.019""","=""3s2.3p5.(2P*<1/2>).4p""","=""2[3/2]""","=""1""","=""3s2.3p5.(2P*<1/2>).5s""","=""2[1/2]*""","=""1""",,"=""T1618n""","=""L2634""",
Cs,2,"=""1274.63366""","=""0.00019""","=""1274.63362""","=""0.00017""","=""40000""","=""""",,"=""156822.8269""","=""164666.0730""","=""5p5.(2P*<3/2>).7p""","=""2[3/2]""","=""1""","=""5p5.(2P*<3/2>).8s""","=""2[3/2]*""","=""1""",,"=""""","=""L12126""",
Al,1,"=""1274.7671""","=""""","=""1274.7663""","=""""","=""8""","=""6.32e+03""",D,"=""32435.453""","=""40277.883""","=""3s2.3d""","=""2D""","=""3/2""","=""3s2.5p""","=""2P*""","=""3/2""",,"=""u36,LS""","=""L6693""",
Ne,1,"=""1274.91248""","=""0.00015""","=""1274.91280""","=""0.00023""","=""710""","=""""",,"=""161701.4486""","=""169542.9772""","=""2s2.2p5.(2P*<3/2>).3d""","=""2[5/2]*""","=""3""","=""2s2.2p5.(2P*<3/2>).5f""","=""2[7/2]""","=""4""",,"=""""","=""L9097""",
Al,1,"=""1274.9909""","=""""","=""1274.9846""","=""""","=""13d""","=""5.67e+04""",C+,"=""32436.796""","=""40277.883""","=""3s2.3d""","=""2D""","=""5/2""","=""3s2.5p""","=""2P*""","=""3/2""",,"=""u36,LS""","=""L6693""",
Ne,1,"=""1275.27222""","=""0.00014""","=""1275.27435""","=""0.00023""","=""120*""","=""""",,"=""161699.6613""","=""169538.9668""","=""2s2.2p5.(2P*<3/2>).3d""","=""2[5/2]*""","=""2""","=""2s2.2p5.(2P*<3/2>).5f""","=""2[5/2]""","=""3""",,"=""""","=""L9097""",
Ne,1,"=""1275.27222""","=""0.00014""","=""1275.27230""","=""0.00023""","=""120*""","=""""",,"=""161699.6613""","=""169538.9794""","=""2s2.2p5.(2P*<3/2>).3d""","=""2[5/2]*""","=""2""","=""2s2.2p5.(2P*<3/2>).5f""","=""2[5/2]""","=""2""",,"=""""","=""L9097""",
Fe,2,"=""1275.3234""","=""0.0002""","=""1275.32340""","=""0.00010""","=""2.8""","=""""",,"=""105155.093""","=""112994.097""","=""3d6.(3F2).4d""","=""4G""","=""9/2""","=""3d6.(5D<4>).5f""","=""2[6]*""","=""11/2""",,"=""""","=""L18349c139""",
C,1,"=""""","=""""","=""1275.52""","=""0.07""","=""""","=""3.5e+03""",D,"=""80801.28887""","=""88639.1""","=""2s2.2p.4p""","=""3D""","=""2""","=""2s2.2p.(2P*<3/2>).7d""","=""2[3/2]*""","=""2""",,"=""T5520LS""","=""""",
Si,2,"=""""","=""""","=""1275.542""","=""""","=""""","=""2.27e+07""",C+,"=""113976.72""","=""121814.38""","=""3s2.6p""","=""2P*""","=""3/2""","=""3s2.8s""","=""2S""","=""1/2""",,"=""T7166""","=""""",
Ne,1,"=""1275.56507""","=""0.00014""","=""1275.56517""","=""0.00023""","=""170""","=""""",,"=""161701.4486""","=""169538.9668""","=""2s2.2p5.(2P*<3/2>).3d""","=""2[5/2]*""","=""3""","=""2s2.2p5.(2P*<3/2>).5f""","=""2[5/2]""","=""3""",,"=""""","=""L9097""",
He,1,"=""""","=""""","=""1275.568847""","=""0.000006""","=""""","=""1.2754e+05""",AAA,"=""[186104.96409510]""","=""[193942.45968763]""","=""1s.3d""","=""1D""","=""2""","=""1s.5p""","=""1P*""","=""1""",,"=""T8636c73""","=""""",
Fe,2,"=""1275.6758""","=""0.0004""","=""1275.67686""","=""0.00008""","=""1.5""","=""""",,"=""99688.355""","=""107525.187""","=""3d6.(3F2).5s""","=""f 4F""","=""7/2""","=""3d6.(5D).6p""","=""6P*""","=""5/2""",,"=""""","=""L18349c139""",
C,1,"=""""","=""""","=""1275.68""","=""0.07""","=""""","=""2.1e+04""",D,"=""81325.81077""","=""89162.6""","=""2s2.2p.4p""","=""3P""","=""1""","=""2s2.2p.(2P*<3/2>).8d""","=""2[3/2]*""","=""2""",,"=""T5520LS""","=""""",
Al,1,"=""1275.7275""","=""""","=""1275.7268""","=""""","=""17""","=""6.29e+04""",C+,"=""32435.453""","=""40271.978""","=""3s2.3d""","=""2D""","=""3/2""","=""3s2.5p""","=""2P*""","=""1/2""",,"=""u36,LS""","=""L6693""",
N,1,"=""""","=""""","=""1275.81""","=""""","=""""","=""2.06e+04""",C+,"=""112319.805""","=""120155.8""","=""2s2.2p2.(1D).3p""","=""2P*""","=""3/2""","=""2s2.2p2.(1D).3d""","=""2D""","=""3/2""",,"=""T5714""","=""""",
Ne,1,"=""1275.99494""","=""0.00016""","=""1275.99496""","=""0.00023""","=""37""","=""""",,"=""163038.3544""","=""170873.2327""","=""2s2.2p5.(2P*<3/2>).4p""","=""2[3/2]""","=""2""","=""2s2.2p5.(2P*<3/2>).6d""","=""2[5/2]*""","=""3""",,"=""""","=""L9097""",
N,1,"=""""","=""""","=""1276.104""","=""""","=""""","=""1.63e+05""",D+,"=""103667.16""","=""111501.368""","=""2s2.2p2.(3P).4s""","=""4P""","=""3/2""","=""2s2.2p2.(3P).5p""","=""4S*""","=""3/2""",,"=""u18,LS""","=""""",
Fe,2,"=""""","=""""","=""1276.2111""","=""0.0004""","=""""","=""1.09e-03""",C,"=""13474.4474""","=""21307.999""","=""3d7""","=""a 4P""","=""5/2""","=""3d7""","=""a 2D2""","=""3/2""",M1,"=""T8961""","=""""",
Al,3,"=""""","=""""","=""1276.306""","=""""","=""""","=""2.29e+07""",A+,"=""170637.35""","=""178470.32""","=""2p6.5s""","=""2S""","=""1/2""","=""2p6.5p""","=""2P*""","=""3/2""",,"=""c32""","=""""",
O,2,"=""""","=""""","=""1276.353""","=""""","=""""","=""6.63e+06""",D,"=""248010.23""","=""255842.91""","=""2s2.2p2.(3P).4p""","=""2D*""","=""3/2""","=""2s2.2p2.(3P).4d""","=""2D""","=""3/2""",,"=""T5723LS""","=""""",
Fe,2,"=""1276.4678""","=""0.0002""","=""1276.46764""","=""0.00011""","=""1.8""","=""""",,"=""99918.563""","=""107750.540""","=""3d6.(3F2).5s""","=""f 4F""","=""3/2""","=""3d6.(5D).6p""","=""4D*""","=""1/2""",,"=""""","=""L18349c139""",
Ne,1,"=""1276.6582""","=""0.0003""","=""1276.65852""","=""0.00023""","=""6*""","=""""",,"=""161699.6613""","=""169530.4673""","=""2s2.2p5.(2P*<3/2>).3d""","=""2[5/2]*""","=""2""","=""2s2.2p5.(2P*<3/2>).5f""","=""2[3/2]""","=""1""",,"=""""","=""L9097""",
Ne,1,"=""1276.6582""","=""0.0003""","=""1276.65544""","=""0.00023""","=""6*""","=""""",,"=""161699.6613""","=""169530.4862""","=""2s2.2p5.(2P*<3/2>).3d""","=""2[5/2]*""","=""2""","=""2s2.2p5.(2P*<3/2>).5f""","=""2[3/2]""","=""2""",,"=""""","=""L9097""",
N,1,"=""""","=""""","=""1276.74""","=""""","=""""","=""1.69e+05""",C+,"=""112319.805""","=""120150.1""","=""2s2.2p2.(1D).3p""","=""2P*""","=""3/2""","=""2s2.2p2.(1D).3d""","=""2D""","=""5/2""",,"=""T5714""","=""""",
S,4,"=""""","=""""","=""1276.87+""","=""""","=""""","=""4.37e+05""",D,"=""301109.8""","=""308939.3""","=""3s.3p.(3P*).4p""","=""2D""","=""3/2""","=""3s.3p.(1P*).4s""","=""2P*""","=""1/2""",,"=""T6527c4,LS""","=""""",
Ne,1,"=""1276.95250""","=""0.00014""","=""1276.95247""","=""0.00023""","=""1600""","=""2.44e+05""",C+,"=""150772.1118""","=""158601.1152""","=""2s2.2p5.(2P*<1/2>).3p""","=""2[3/2]""","=""1""","=""2s2.2p5.(2P*<3/2>).4s""","=""2[3/2]*""","=""2""",,"=""T6976""","=""L9097""",
N,1,"=""""","=""""","=""1277.1504""","=""""","=""""","=""6.63e+05""",C+,"=""96787.680""","=""104615.470""","=""2s2.2p2.(3P).3p""","=""2D*""","=""3/2""","=""2s2.2p2.(3P).3d""","=""2P""","=""3/2""",,"=""T7370""","=""""",
Na,1,"=""""","=""""","=""1277.1506""","=""0.0005""","=""""","=""2.33e+03""",C',"=""33200.673""","=""[41028.462]""","=""2p6.5s""","=""2S""","=""1/2""","=""2p6.17p""","=""2P*""","=""3/2""",,"=""T817""","=""""",
Na,1,"=""""","=""""","=""1277.1576""","=""0.0005""","=""""","=""2.33e+03""",C',"=""33200.673""","=""[41028.419]""","=""2p6.5s""","=""2S""","=""1/2""","=""2p6.17p""","=""2P*""","=""1/2""",,"=""T817""","=""""",
C,1,"=""""","=""""","=""1277.45""","=""0.03""","=""""","=""3.4e+04""",D,"=""81344.05485""","=""89170.01""","=""2s2.2p.4p""","=""3P""","=""2""","=""2s2.2p.(2P*<3/2>).8d""","=""2[1/2]*""","=""1""",,"=""T5520LS""","=""""",
Fe,2,"=""""","=""""","=""1277.5858""","=""0.0003""","=""""","=""7.3e-03""",C,"=""22939.3512""","=""30764.4737""","=""3d6.(3F2).4s""","=""b 4F""","=""5/2""","=""3d6.(3G).4s""","=""b 2G""","=""7/2""",M1,"=""T9588c100""","=""""",
Ne,1,"=""1277.6652""","=""0.0003""","=""1277.66540""","=""0.00024""","=""16""","=""""",,"=""163038.3544""","=""170862.9893""","=""2s2.2p5.(2P*<3/2>).4p""","=""2[3/2]""","=""2""","=""2s2.2p5.(2P*<3/2>).6d""","=""2[3/2]*""","=""2""",,"=""""","=""L9097""",
Fe,2,"=""1277.6840""","=""0.0004""","=""1277.68301""","=""0.00011""","=""2.7""","=""""",,"=""103771.342""","=""111595.869""","=""3d6.(3H).4d""","=""4G""","=""9/2""","=""3d6.(3H).5p""","=""4H*""","=""11/2""",,"=""""","=""L18349c139""",
Ni,2,"=""""","=""""","=""1277.916""","=""""","=""""","=""2.1e-05""",E,"=""1506.94""","=""9330.04""","=""3p6.3d9""","=""2D""","=""3/2""","=""3p6.3d8.(3F).4s""","=""4F""","=""7/2""",E2,"=""T4240""","=""""",
C,1,"=""""","=""""","=""1278.045""","=""0.004""","=""""","=""6.e+03""",D,"=""80782.44916""","=""88604.76""","=""2s2.2p.4p""","=""3D""","=""1""","=""2s2.2p.(2P*<3/2>).7d""","=""2[5/2]*""","=""2""",,"=""T5520LS""","=""""",
Fe,2,"=""1278.07218""","=""0.00016""","=""1278.07161""","=""0.00011""","=""1.7""","=""""",,"=""104064.664""","=""111886.812""","=""3d6.(3H).4d""","=""4I""","=""13/2""","=""3d6.(3F2).5p""","=""4G*""","=""11/2""",,"=""""","=""L18349c139""",
Ar,2,"=""1278.27756""","=""0.00005""","=""1278.27758""","=""0.00005""","=""447""","=""""",,"=""181594.1404""","=""189415.0280""","=""3s2.3p4.(3P).5s""","=""4P""","=""5/2""","=""3s2.3p4.(3P).5p""","=""4D*""","=""7/2""",,"=""""","=""L11520""",
Fe,1,"=""1278.345""","=""0.003""","=""1278.3445""","=""0.0005""","=""21bl""","=""""",,"=""51539.720""","=""59360.198""","=""3d6.(5D).4s (6D).4d""","=""e 7G""","=""2""","=""3d6.4s.(4D).5p""","=""5P*""","=""1""",,"=""""","=""L11631""",
He,1,"=""1278.479""","=""""","=""1278.491405""","=""0.000006""","=""81*""","=""2.0331e+04""",AAA,"=""[186101.54358476]""","=""[193921.123147015]""","=""1s.3d""","=""3D""","=""3""","=""1s.5f""","=""3F*""","=""2""",,"=""T8636c73""","=""L7384""",
He,1,"=""1278.479""","=""""","=""1278.491815""","=""0.000006""","=""81*""","=""7.1142e+05""",AAA,"=""[186101.54609533]""","=""[193921.123147015]""","=""1s.3d""","=""3D""","=""2""","=""1s.5f""","=""3F*""","=""2""",,"=""T8636c73""","=""L7384""",
He,1,"=""1278.479""","=""""","=""1278.492126""","=""0.000006""","=""81*""","=""4.5746e+06""",AAA,"=""[186101.54358476]""","=""[193921.118736664]""","=""1s.3d""","=""3D""","=""3""","=""1s.5f""","=""3F*""","=""4""",,"=""T8636c73""","=""L7384""",
He,1,"=""1278.479""","=""""","=""1278.492629""","=""0.000006""","=""81*""","=""3.5457e+05""",AAA,"=""[186101.54358476]""","=""[193921.115658304]""","=""1s.3d""","=""3D""","=""3""","=""1s.5f""","=""3F*""","=""3""",,"=""T8636c73""","=""L7384""",
He,1,"=""1278.479""","=""""","=""1278.493039""","=""0.000006""","=""81*""","=""2.8980e+06""",AAA,"=""[186101.54609533]""","=""[193921.115658304]""","=""1s.3d""","=""3D""","=""2""","=""1s.5f""","=""3F*""","=""3""",,"=""T8636c73""","=""L7384""",
He,1,"=""""","=""""","=""1278.490566""","=""0.000006""","=""""","=""1.537e+05""",AA,"=""[186101.54358476]""","=""[193921.128275032]""","=""1s.3d""","=""3D""","=""3""","=""1s.5f""","=""1F*""","=""3""",,"=""T8636c73""","=""""",
He,1,"=""""","=""""","=""1278.490977""","=""0.000006""","=""""","=""1.168e+06""",AA,"=""[186101.54609533]""","=""[193921.128275032]""","=""1s.3d""","=""3D""","=""2""","=""1s.5f""","=""1F*""","=""3""",,"=""T8636c73""","=""""",
He,1,"=""1278.499""","=""""","=""1278.499041""","=""0.000006""","=""50""","=""3.8426e+06""",AAA,"=""[186101.59029341]""","=""[193921.123147015]""","=""1s.3d""","=""3D""","=""1""","=""1s.5f""","=""3F*""","=""2""",,"=""T8636c73""","=""L885""",
C,1,"=""""","=""""","=""1278.66""","=""0.07""","=""""","=""6.e+04""",D,"=""81344.05485""","=""89162.6""","=""2s2.2p.4p""","=""3P""","=""2""","=""2s2.2p.(2P*<3/2>).8d""","=""2[3/2]*""","=""2""",,"=""T5520LS""","=""""",
Fe,2,"=""1278.7728""","=""""","=""1278.77281""","=""0.00010""","="":""","=""3.55e-03""",C+,"=""862.6118""","=""8680.4706""","=""3d6.(5D).4s""","=""a 6D""","=""3/2""","=""3d6.(5D).4s""","=""a 4D""","=""3/2""",M1,"=""T9588c104""","=""L22760""",
Fe,2,"=""1278.78910""","=""0.00013""","=""1278.78930""","=""0.00010""","=""2.3""","=""""",,"=""99918.563""","=""107736.321""","=""3d6.(3F2).5s""","=""f 4F""","=""3/2""","=""3d6.(5D).6p""","=""4F*""","=""3/2""",,"=""""","=""L18349c139""",
C,1,"=""""","=""""","=""1278.935""","=""0.005""","=""""","=""7.e+03""",D,"=""81325.81077""","=""89142.68""","=""2s2.2p.4p""","=""3P""","=""1""","=""2s2.2p.(2P*<3/2>).8d""","=""2[5/2]*""","=""2""",,"=""T5520LS""","=""""",
Fe,1,"=""1278.9450""","=""0.0005""","=""1278.94504""","=""0.00023""","=""123""","=""""",,"=""40404.518""","=""48221.324""","=""3d6.(5D).4s.4p.(1P*)""","=""x 5D*""","=""1""","=""3d7.(4F).5s""","=""e 5F""","=""1""",,"=""""","=""L11631""",
O,1,"=""""","=""""","=""1279.0350""","=""""","=""""","=""1.77e+05""",C+,"=""99680.968""","=""107497.224""","=""2s2.2p3.(4S*).4p""","=""3P""","=""1""","=""2s2.2p3.(4S*).8s""","=""3S*""","=""1""",,"=""T5713LS""","=""""",
O,1,"=""""","=""""","=""1279.0483""","=""""","=""""","=""2.95e+05""",C+,"=""99681.049""","=""107497.224""","=""2s2.2p3.(4S*).4p""","=""3P""","=""2""","=""2s2.2p3.(4S*).8s""","=""3S*""","=""1""",,"=""T5713LS""","=""""",
He,1,"=""""","=""""","=""1279.050900""","=""0.000006""","=""""","=""1.732e+02""",AA,"=""[186104.96409510]""","=""[193921.123147015]""","=""1s.3d""","=""1D""","=""2""","=""1s.5f""","=""3F*""","=""2""",,"=""T8636c73""","=""""",
He,1,"=""""","=""""","=""1279.052125""","=""0.000006""","=""""","=""1.320e+06""",AA,"=""[186104.96409510]""","=""[193921.115658304]""","=""1s.3d""","=""1D""","=""2""","=""1s.5f""","=""3F*""","=""3""",,"=""T8636c73""","=""""",
He,1,"=""1279.057""","=""""","=""1279.050060""","=""0.000006""","=""20""","=""3.2475e+06""",AAA,"=""[186104.96409510]""","=""[193921.128275032]""","=""1s.3d""","=""1D""","=""2""","=""1s.5f""","=""1F*""","=""3""",,"=""T8636c73""","=""L885""",
O,1,"=""""","=""""","=""1279.0908""","=""""","=""""","=""5.89e+04""",C+,"=""99681.309""","=""107497.224""","=""2s2.2p3.(4S*).4p""","=""3P""","=""0""","=""2s2.2p3.(4S*).8s""","=""3S*""","=""1""",,"=""T5713LS""","=""""",
Mg,2,"=""1279.224""","=""""","=""1279.205""","=""""","=""2*""","=""""",,"=""109062.32""","=""116877.54""","=""2p6.6f""","=""2F*""","=""5/2""","=""2p6.10g""","=""2G""","=""7/2""",,"=""""","=""L6692""",
Mg,2,"=""1279.224""","=""""","=""1279.209""","=""""","=""2*""","=""""",,"=""109062.35""","=""116877.54""","=""2p6.6f""","=""2F*""","=""7/2""","=""2p6.10g""","=""2G""","=""9/2""",,"=""""","=""L6692""",
Fe,2,"=""1279.3517""","=""0.0003""","=""1279.35143""","=""0.00011""","=""1""","=""""",,"=""107165.760""","=""114980.083""","=""3d6.(5D).6p""","=""4F*""","=""7/2""","=""3d6.(5D).6d""","=""6P""","=""7/2""",,"=""""","=""L18349c139""",
Fe,2,"=""1279.45310""","=""0.00017""","=""1279.45245""","=""0.00015""","=""7""","=""""",,"=""65580.065""","=""73393.771""","=""3d6.(3G).4p""","=""x 4G*""","=""11/2""","=""3d5.4s2""","=""4F""","=""9/2""",,"=""""","=""L18349c139""",
Fe,2,"=""1279.59916""","=""0.00019""","=""1279.59918""","=""0.00013""","=""2.1""","=""""",,"=""107217.854""","=""115030.664""","=""3d6.(5D).6p""","=""6F*""","=""9/2""","=""3d6.(3D).4d""","=""4F""","=""9/2""",,"=""""","=""L18349c139""",
Fe,2,"=""1279.73438""","=""0.00015""","=""1279.73432""","=""0.00010""","=""1.8""","=""""",,"=""106361.238""","=""114173.223""","=""3d6.(5D).6p""","=""6D*""","=""9/2""","=""3d6.(5D).6d""","=""6D""","=""7/2""",,"=""""","=""L18349c139""",
Cs,2,"=""1280.11622""","=""0.00020""","=""1280.1163""","=""0.0003""","=""3100""","=""""",,"=""170492.1254""","=""178301.7795""","=""5p5.(2P*<1/2>).7p""","=""2[1/2]""","=""1""","=""5p5.(2P*<1/2>).8s""","=""2[1/2]*""","=""0""",,"=""""","=""L12126""",
Ar,1,"=""1280.2739""","=""""","=""1280.2737""","=""""","=""200""","=""5.7e+06""",D,"=""105617.2700""","=""113425.964""","=""3s2.3p5.(2P*<3/2>).4p""","=""2[5/2]""","=""2""","=""3s2.3p5.(2P*<3/2>).3d""","=""2[5/2]*""","=""2""",,"=""T1618n""","=""L2634""",
Fe,2,"=""1280.6293""","=""0.0002""","=""1280.62905""","=""0.00010""","=""2.1""","=""""",,"=""105127.773""","=""112934.300""","=""3d6.(5D).5d""","=""4D""","=""5/2""","=""3d6.(5D<4>).5f""","=""2[2]*""","=""5/2""",,"=""""","=""L18349c139""",
Fe,1,"=""1280.7149""","=""0.0005""","=""1280.71518""","=""0.00023""","=""355""","=""""",,"=""29356.744""","=""37162.746""","=""3d6.4s2""","=""b 3D""","=""2""","=""3d7.(4F).4p""","=""y 3F*""","=""3""",,"=""""","=""L11631""",
Mg,2,"=""1280.724""","=""""","=""1280.717""","=""""","=""2""","=""""",,"=""109072.05""","=""116878.04""","=""2p6.6g""","=""2G""","=""9/2""","=""2p6.10h""","=""2H*""","=""11/2""",,"=""""","=""L6692""",
Fe,1,"=""1280.8244""","=""0.0005""","=""1280.82430""","=""0.00023""","=""204""","=""""",,"=""40231.336""","=""48036.673""","=""3d6.(5D).4s.4p.(1P*)""","=""x 5D*""","=""2""","=""3d7.(4F).5s""","=""e 5F""","=""2""",,"=""""","=""L11631""",
C,1,"=""""","=""""","=""1280.87""","=""0.03""","=""""","=""4.5e+03""",D,"=""80801.28887""","=""88606.32""","=""2s2.2p.4p""","=""3D""","=""2""","=""2s2.2p.(2P*<3/2>).7d""","=""2[5/2]*""","=""3""",,"=""T5520LS""","=""""",
N,3,"=""""","=""""","=""1280.90""","=""""","=""""","=""1.08e+07""",B,"=""378432.8""","=""386237.7""","=""2s.2p.(3P*).4p""","=""4S""","=""3/2""","=""2s.2p.(3P*).4d""","=""4P*""","=""5/2""",,"=""T7192LS""","=""""",
C,1,"=""""","=""""","=""1280.97""","=""0.07""","=""""","=""1.9e+04""",D,"=""80834.62491""","=""88639.1""","=""2s2.2p.4p""","=""3D""","=""3""","=""2s2.2p.(2P*<3/2>).7d""","=""2[3/2]*""","=""2""",,"=""T5520LS""","=""""",
Mg,2,"=""1281.017""","=""""","=""1281.017""","=""""","=""1""","=""""",,"=""109073.97""","=""116878.13""","=""2p6.6h""","=""2H*""","=""11/2""","=""2p6.10i""","=""2I""","=""9/2 or 11/2 or 13/2""",,"=""""","=""L6692""",
C,1,"=""""","=""""","=""1281.131""","=""0.004""","=""""","=""2.8e+04""",D,"=""80801.28887""","=""88604.76""","=""2s2.2p.4p""","=""3D""","=""2""","=""2s2.2p.(2P*<3/2>).7d""","=""2[5/2]*""","=""2""",,"=""T5520LS""","=""""",
C,1,"=""""","=""""","=""1281.400""","=""0.005""","=""""","=""3.3e+03""",D,"=""80782.44916""","=""88584.28""","=""2s2.2p.4p""","=""3D""","=""1""","=""2s2.2p.(2P*<3/2>).8s""","=""2[3/2]*""","=""2""",,"=""T5520LS""","=""""",
C,1,"=""""","=""""","=""1281.70""","=""0.03""","=""""","=""9.e+03""",D,"=""81344.05485""","=""89144.03""","=""2s2.2p.4p""","=""3P""","=""2""","=""2s2.2p.(2P*<3/2>).8d""","=""2[5/2]*""","=""3""",,"=""T5520LS""","=""""",
H,1,"=""""","=""""","=""1281.792576""","=""0.000008""","=""""","=""2.8263e+06""",AAA,"=""97492.211200""","=""105291.651993""","=""3p""","=""2P*""","=""1/2""","=""5d""","=""2D""","=""3/2""",,"=""T7771""","=""""",
H,1,"=""""","=""""","=""1281.794286""","=""0.000009""","=""""","=""1.6377e+06""",AAA,"=""97492.221701""","=""105291.65209""","=""3s""","=""2S""","=""1/2""","=""5p""","=""2P*""","=""3/2""",,"=""T7771""","=""""",
H,1,"=""""","=""""","=""1281.796036""","=""0.000009""","=""""","=""3.0157e+05""",AAA,"=""97492.211200""","=""[105291.63094]""","=""3p""","=""2P*""","=""1/2""","=""5s""","=""2S""","=""1/2""",,"=""T7771""","=""""",
H,1,"=""""","=""""","=""1281.798135""","=""0.000009""","=""""","=""1.6378e+06""",AAA,"=""97492.221701""","=""105291.62867""","=""3s""","=""2S""","=""1/2""","=""5p""","=""2P*""","=""1/2""",,"=""T7771""","=""""",
H,1,"=""1281.8072""","=""0.0008""","=""1281.8070""","=""0.0010""","=""32000""","=""2.2008e+06""",AAA,"=""97492.304""","=""105291.657""","=""3""","=""""","=""""","=""5""","=""""","=""""",,"=""T8637""","=""L7421""",
H,1,"=""""","=""""","=""1281.809075""","=""0.000007""","=""""","=""4.2394e+06""",AAA,"=""97492.319433""","=""(105291.65983494)""","=""3d""","=""2D""","=""3/2""","=""5f""","=""2F*""","=""5/2""",,"=""T7771""","=""""",
H,1,"=""""","=""""","=""1281.809111""","=""0.000008""","=""""","=""3.3915e+06""",AAA,"=""97492.319611""","=""[105291.659796]""","=""3p""","=""2P*""","=""3/2""","=""5d""","=""2D""","=""5/2""",,"=""T7771""","=""""",
H,1,"=""""","=""""","=""1281.810348""","=""0.000009""","=""""","=""1.4954e+04""",AAA,"=""97492.319433""","=""105291.65209""","=""3d""","=""2D""","=""3/2""","=""5p""","=""2P*""","=""3/2""",,"=""T7771""","=""""",
H,1,"=""""","=""""","=""1281.810393""","=""0.000008""","=""""","=""5.6525e+05""",AAA,"=""97492.319611""","=""105291.651993""","=""3p""","=""2P*""","=""3/2""","=""5d""","=""2D""","=""3/2""",,"=""T7771""","=""""",
H,1,"=""""","=""""","=""1281.813853""","=""0.000009""","=""""","=""6.0320e+05""",AAA,"=""97492.319611""","=""[105291.63094]""","=""3p""","=""2P*""","=""3/2""","=""5s""","=""2S""","=""1/2""",,"=""T7771""","=""""",
H,1,"=""""","=""""","=""1281.814197""","=""0.000009""","=""""","=""1.4956e+05""",AAA,"=""97492.319433""","=""105291.62867""","=""3d""","=""2D""","=""3/2""","=""5p""","=""2P*""","=""1/2""",,"=""T7771""","=""""",
H,1,"=""""","=""""","=""1281.814378""","=""0.000010""","=""""","=""4.5421e+06""",AAA,"=""97492.355566""","=""105291.66370""","=""3d""","=""2D""","=""5/2""","=""5f""","=""2F*""","=""7/2""",,"=""T7771""","=""""",
H,1,"=""""","=""""","=""1281.815013""","=""0.000007""","=""""","=""3.0281e+05""",AAA,"=""97492.355566""","=""(105291.65983494)""","=""3d""","=""2D""","=""5/2""","=""5f""","=""2F*""","=""5/2""",,"=""T7771""","=""""",
H,1,"=""""","=""""","=""1281.816286""","=""0.000009""","=""""","=""1.3459e+05""",AAA,"=""97492.355566""","=""105291.65209""","=""3d""","=""2D""","=""5/2""","=""5p""","=""2P*""","=""3/2""",,"=""T7771""","=""""",
C,1,"=""""","=""""","=""1281.927""","=""0.005""","=""""","=""2.2e+03""",D,"=""81344.05485""","=""89142.68""","=""2s2.2p.4p""","=""3P""","=""2""","=""2s2.2p.(2P*<3/2>).8d""","=""2[5/2]*""","=""2""",,"=""T5520LS""","=""""",
Fe,1,"=""1281.9912""","=""0.0013""","=""1281.99242""","=""0.00023""","=""29""","=""""",,"=""24335.766""","=""32133.991""","=""3d7.(2P).4s""","=""c 3P""","=""2""","=""3d6.(5D).4s.4p.(3P*)""","=""z 3F*""","=""2""",,"=""""","=""L11631""",
Fe,1,"=""1282.0635""","=""0.0005""","=""1282.06410""","=""0.00023""","=""9""","=""""",,"=""41130.599""","=""48928.388""","=""3d6.(5D).4s.4p.(1P*)""","=""x 5F*""","=""1""","=""3d7.(4F).5s""","=""e 3F""","=""2""",,"=""""","=""L11631""",
Fe,2,"=""1282.2794""","=""0.0002""","=""1282.27968""","=""0.00012""","=""1.4""","=""""",,"=""106361.238""","=""114157.716""","=""3d6.(5D).6p""","=""6D*""","=""9/2""","=""3d6.(5D).6d""","=""4G""","=""11/2""",,"=""""","=""L18349c139""",
Fe,2,"=""1282.32641""","=""0.00019""","=""1282.32623""","=""0.00016""","=""9""","=""6.e+03""",D,"=""65696.053""","=""73492.248""","=""3d6.(3G).4p""","=""x 4G*""","=""9/2""","=""3d5.4s2""","=""4F""","=""7/2""",,"=""T6892c83""","=""L18349c139""",
Al,3,"=""""","=""""","=""1282.345""","=""""","=""""","=""2.26e+07""",A+,"=""170637.35""","=""178433.43""","=""2p6.5s""","=""2S""","=""1/2""","=""2p6.5p""","=""2P*""","=""1/2""",,"=""c32""","=""""",
Fe,1,"=""1282.4860""","=""0.0005""","=""1282.48596""","=""0.00023""","=""407""","=""""",,"=""24338.767""","=""32133.991""","=""3d6.4s2""","=""b 3G""","=""3""","=""3d6.(5D).4s.4p.(3P*)""","=""z 3F*""","=""2""",,"=""""","=""L11631""",
Fe,1,"=""1282.6585""","=""0.0005""","=""1282.65774""","=""0.00023""","=""12""","=""""",,"=""46889.142""","=""54683.322""","=""3d6.(3F2).4s.4p.(3P*)""","=""x 3F*""","=""4""","=""3d7.(4F).4d""","=""f 3F""","=""4""",,"=""""","=""L11631""",
Fe,1,"=""1284.0573""","=""0.0005""","=""1284.05742""","=""0.00023""","=""229""","=""""",,"=""39969.853""","=""47755.537""","=""3d6.(5D).4s.4p.(1P*)""","=""x 5D*""","=""3""","=""3d7.(4F).5s""","=""e 5F""","=""3""",,"=""""","=""L11631""",
Fe,2,"=""1284.19205""","=""0.00018""","=""1284.19136""","=""0.00010""","=""2.1""","=""""",,"=""105155.093""","=""112939.965""","=""3d6.(3F2).4d""","=""4G""","=""9/2""","=""3d6.(5D<4>).5f""","=""2[5]*""","=""9/2""",,"=""""","=""L18349c139""",
Cs,2,"=""1284.26406""","=""0.00013""","=""1284.26391""","=""0.00020""","=""4500""","=""""",,"=""163189.3511""","=""170973.7833""","=""5p5.(2P*<1/2>).7s""","=""2[1/2]*""","=""1""","=""5p5.(2P*<1/2>).4f""","=""2[5/2]""","=""2""",,"=""""","=""L12126""",
Fe,2,"=""1284.2937""","=""0.0003""","=""1284.29397""","=""0.00013""","=""1.2""","=""""",,"=""105127.773""","=""112912.023""","=""3d6.(5D).5d""","=""4D""","=""5/2""","=""3d6.(5D<4>).5f""","=""2[3]*""","=""7/2""",,"=""""","=""L18349c139""",
C,1,"=""""","=""""","=""1284.502""","=""0.005""","=""""","=""5.e+04""",D,"=""80801.28887""","=""88584.28""","=""2s2.2p.4p""","=""3D""","=""2""","=""2s2.2p.(2P*<3/2>).8s""","=""2[3/2]*""","=""2""",,"=""T5520LS""","=""""",
Fe,2,"=""1284.50327""","=""0.00008""","=""1284.50420""","=""0.00010""","=""10""","=""""",,"=""107197.107""","=""114980.083""","=""3d6.(5D).6p""","=""6P*""","=""7/2""","=""3d6.(5D).6d""","=""6P""","=""7/2""",,"=""""","=""L18349c139""",
Fe,2,"=""1284.5854""","=""0.0004""","=""1284.58656""","=""0.00008""","=""1""","=""""",,"=""106863.620""","=""114646.097""","=""3d6.(5D).6p""","=""4D*""","=""7/2""","=""3d6.(5D).6d""","=""4G""","=""7/2""",,"=""""","=""L18349c139""",
He,1,"=""1284.596""","=""""","=""1284.594414""","=""0.000007""","=""7*""","=""1.5176e+06""",AAA,"=""[185564.55932651]""","=""[193346.988738]""","=""1s.3p""","=""3P*""","=""2""","=""1s.5s""","=""3S""","=""1""",,"=""T8636c73""","=""L885""",
He,1,"=""1284.596""","=""""","=""1284.598043""","=""0.000007""","=""7*""","=""9.1057e+05""",AAA,"=""[185564.5813147]""","=""[193346.988738]""","=""1s.3p""","=""3P*""","=""1""","=""1s.5s""","=""3S""","=""1""",,"=""T8636c73""","=""L885""",
He,1,"=""""","=""""","=""1284.642727""","=""0.000007""","=""""","=""3.0352e+05""",AAA,"=""[185564.8520073]""","=""[193346.988738]""","=""1s.3p""","=""3P*""","=""0""","=""1s.5s""","=""3S""","=""1""",,"=""T8636c73""","=""""",
Si,2,"=""""","=""""","=""1284.672""","=""""","=""""","=""1.62e+06""",D,"=""118522.86""","=""126304.82""","=""3s2.6d""","=""2D""","=""3/2""","=""3s2.9f""","=""2F*""","=""5/2""",,"=""T6527c4,LS""","=""""",
Si,2,"=""""","=""""","=""1284.683""","=""""","=""""","=""1.16e+05""",E,"=""118522.93""","=""126304.82""","=""3s2.6d""","=""2D""","=""5/2""","=""3s2.9f""","=""2F*""","=""5/2""",,"=""T6527c4,LS""","=""""",
Si,2,"=""""","=""""","=""1284.683""","=""""","=""""","=""1.74e+06""",D,"=""118522.93""","=""126304.82""","=""3s2.6d""","=""2D""","=""5/2""","=""3s2.9f""","=""2F*""","=""7/2""",,"=""T6527c4,LS""","=""""",
Ar,2,"=""1284.7057""","=""0.0002""","=""1284.70579""","=""0.00007""","=""48""","=""""",,"=""182951.2609""","=""190733.0156""","=""3s2.3p4.(3P).5s""","=""4P""","=""1/2""","=""3s2.3p4.(3P).5p""","=""4D*""","=""1/2""",,"=""""","=""L9974""",
C,1,"=""""","=""""","=""1284.963""","=""0.020""","=""""","=""5.e+03""",D,"=""81311.0544""","=""89091.25""","=""2s2.2p.4p""","=""3P""","=""0""","=""2s2.2p.(2P*<1/2>).8d""","=""2[3/2]*""","=""1""",,"=""T5520LS""","=""""",
Ne,1,"=""1285.3034""","=""0.0004""","=""1285.30376""","=""0.00023""","=""5""","=""7.34e+04""",C+,"=""162517.8755""","=""170296.0099""","=""2s2.2p5.(2P*<3/2>).4p""","=""2[1/2]""","=""1""","=""2s2.2p5.(2P*<1/2>).5d""","=""2[3/2]*""","=""1""",,"=""T6976""","=""L9097""",
C,1,"=""""","=""""","=""1285.628""","=""0.021""","=""""","=""3.0e+04""",D,"=""80782.44916""","=""88558.62""","=""2s2.2p.4p""","=""3D""","=""1""","=""2s2.2p.(2P*<1/2>).7d""","=""2[3/2]*""","=""1""",,"=""T5520LS""","=""""",
Mg,2,"=""""","=""""","=""1285.630""","=""""","=""""","=""1.30e+05""",D+,"=""109062.32""","=""116838.48""","=""2p6.6f""","=""2F*""","=""5/2""","=""2p6.10d""","=""2D""","=""3/2""",,"=""c59,LS""","=""""",
Mg,2,"=""""","=""""","=""1285.635""","=""""","=""""","=""6.17e+03""",E,"=""109062.32""","=""116838.45""","=""2p6.6f""","=""2F*""","=""5/2""","=""2p6.10d""","=""2D""","=""5/2""",,"=""c59,LS""","=""""",
Mg,2,"=""""","=""""","=""1285.640""","=""""","=""""","=""1.24e+05""",D+,"=""109062.35""","=""116838.45""","=""2p6.6f""","=""2F*""","=""7/2""","=""2p6.10d""","=""2D""","=""5/2""",,"=""c59,LS""","=""""",
Fe,2,"=""1286.20503""","=""0.00007""","=""1286.20488""","=""0.00012""","=""6""","=""""",,"=""103878.370""","=""111651.055""","=""3d6.(3H).4d""","=""4I""","=""15/2""","=""3d5.(4G).4s.(5G).4p""","=""4H*""","=""13/2""",,"=""""","=""L18349c139""",
Fe,2,"=""1286.35659""","=""0.00008""","=""1286.35631""","=""0.00010""","=""5""","=""3.1e+04""",E,"=""102394.764""","=""110166.534""","=""3d6.(5D).6s""","=""4D""","=""7/2""","=""3d6.(3F2).5p""","=""4F*""","=""9/2""",,"=""T6892c83""","=""L18349c139""",
S,4,"=""""","=""""","=""1286.37+""","=""""","=""""","=""3.97e+04""",D,"=""285122.2""","=""292893.9""","=""3s2.5p""","=""2P*""","=""1/2""","=""3s.3p.(3P*).4p""","=""2P""","=""3/2""",,"=""T6527c4,LS""","=""""",
C,1,"=""""","=""""","=""1286.37""","=""0.03""","=""""","=""3.5e+04""",D,"=""80834.62491""","=""88606.32""","=""2s2.2p.4p""","=""3D""","=""3""","=""2s2.2p.(2P*<3/2>).7d""","=""2[5/2]*""","=""3""",,"=""T5520LS""","=""""",
Ne,1,"=""1286.4091""","=""0.0003""","=""1286.4095""","=""0.0003""","=""7""","=""8.30e+04""",C+,"=""162517.8755""","=""170289.3243""","=""2s2.2p5.(2P*<3/2>).4p""","=""2[1/2]""","=""1""","=""2s2.2p5.(2P*<1/2>).5d""","=""2[5/2]*""","=""2""",,"=""T6976""","=""L9097""",
Fe,2,"=""1286.4167""","=""0.0007""","=""1286.41342""","=""0.00010""","=""1.4""","=""""",,"=""99688.355""","=""107459.780""","=""3d6.(3F2).5s""","=""f 4F""","=""7/2""","=""3d5.(2F1).4s.4p.(3P*)""","=""4G*""","=""7/2""",,"=""""","=""L18349c145""",
Ne,1,"=""1286.4730""","=""0.0002""","=""1286.47284""","=""0.00023""","=""11""","=""1.41e+05""",C+,"=""162517.8755""","=""170288.9415""","=""2s2.2p5.(2P*<3/2>).4p""","=""2[1/2]""","=""1""","=""2s2.2p5.(2P*<1/2>).5d""","=""2[3/2]*""","=""2""",,"=""T6976""","=""L9097""",
Ne,2,"=""1286.50551""","=""0.00013""","=""1286.50552""","=""0.00013""","=""115""","=""""",,"=""246394.1202""","=""254164.9888""","=""2s2.2p4.(1D).3s""","=""2D""","=""5/2""","=""2s2.2p4.(3P).3p""","=""2P*""","=""3/2""",,"=""""","=""L11301""",
Fe,1,"=""1286.50578""","=""0.00017""","=""""","=""""","=""580""","=""""",,"=""""","=""""","=""""","=""""","=""""","=""""","=""""","=""""",,"=""""","=""L11631""",
Fe,2,"=""1286.56061""","=""0.00008""","=""1286.56042""","=""0.00012""","=""5""","=""""",,"=""103874.261""","=""111644.798""","=""3d6.(3H).4d""","=""4H""","=""9/2""","=""3d5.(2H).4s.4p.(3P*)""","=""4I*""","=""9/2""",,"=""""","=""L18349c139""",
Na,1,"=""""","=""""","=""1286.5906""","=""0.0005""","=""""","=""2.78e+03""",C',"=""33200.673""","=""[40971.028]""","=""2p6.5s""","=""2S""","=""1/2""","=""2p6.16p""","=""2P*""","=""3/2""",,"=""T817""","=""""",
Na,1,"=""""","=""""","=""1286.5992""","=""0.0005""","=""""","=""2.78e+03""",C',"=""33200.673""","=""[40970.976]""","=""2p6.5s""","=""2S""","=""1/2""","=""2p6.16p""","=""2P*""","=""1/2""",,"=""T817""","=""""",
C,1,"=""""","=""""","=""1286.627""","=""0.004""","=""""","=""6.e+03""",D,"=""80834.62491""","=""88604.76""","=""2s2.2p.4p""","=""3D""","=""3""","=""2s2.2p.(2P*<3/2>).7d""","=""2[5/2]*""","=""2""",,"=""T5520LS""","=""""",
Fe,2,"=""1286.8438""","=""0.0003""","=""1286.84510""","=""0.00013""","=""0.8""","=""""",,"=""100749.825""","=""108518.643""","=""3d6.(3F2).5s""","=""e 2F""","=""5/2""","=""3d5.(2F1).4s.4p.(3P*)""","=""4F*""","=""7/2""",,"=""""","=""L18349c139""",
Co,2,"=""1286.8887""","=""0.0014""","=""1286.8921""","=""0.0005""","=""4""","=""4.1e+04""",D,"=""90199.163""","=""97967.697""","=""3d7.(4F).4d""","=""f 5F""","=""4""","=""3d7.(4F).5p""","=""3F*""","=""3""",,"=""T6999""","=""L9429c118""",
Ne,2,"=""1287.0625""","=""0.0009""","=""1287.06216""","=""0.00020""","=""12""","=""""",,"=""246397.4810""","=""254164.9888""","=""2s2.2p4.(1D).3s""","=""2D""","=""3/2""","=""2s2.2p4.(3P).3p""","=""2P*""","=""3/2""",,"=""""","=""L11301""",
C,1,"=""""","=""""","=""1287.205""","=""0.003""","=""""","=""8.e+04""",D,"=""80782.44916""","=""88549.095""","=""2s2.2p.4p""","=""3D""","=""1""","=""2s2.2p.(2P*<1/2>).8s""","=""2[1/2]*""","=""1""",,"=""T5520LS""","=""""",
N,1,"=""""","=""""","=""1287.331""","=""""","=""""","=""2.38e+05""",D+,"=""103735.48""","=""111501.368""","=""2s2.2p2.(3P).4s""","=""4P""","=""5/2""","=""2s2.2p2.(3P).5p""","=""4S*""","=""3/2""",,"=""u18,LS""","=""""",
Cs,2,"=""1287.39651""","=""0.00015""","=""1287.39656""","=""0.00021""","=""4800""","=""""",,"=""158057.4164""","=""165822.9066""","=""5p5.(2P*<3/2>).7p""","=""2[1/2]""","=""0""","=""5p5.(2P*<3/2>).7d""","=""2[1/2]*""","=""1""",,"=""""","=""L12126""",
C,1,"=""""","=""""","=""1287.405""","=""0.020""","=""""","=""3.6e+03""",D,"=""81325.81077""","=""89091.25""","=""2s2.2p.4p""","=""3P""","=""1""","=""2s2.2p.(2P*<1/2>).8d""","=""2[3/2]*""","=""1""",,"=""T5520LS""","=""""",
Fe,2,"=""1287.67509""","=""0.00017""","=""1287.67484""","=""0.00012""","=""1.5""","=""""",,"=""103832.057""","=""111595.869""","=""3d6.(3H).4d""","=""4K""","=""13/2""","=""3d6.(3H).5p""","=""4H*""","=""11/2""",,"=""""","=""L18349c139""",
Fe,2,"=""1287.84327""","=""0.00008""","=""1287.84321""","=""0.00008""","=""15""","=""7.2e+05""",C+,"=""83812.352""","=""91575.149""","=""3d6.(5D).4d""","=""6D""","=""5/2""","=""3d6.(5D).5p""","=""w 6P*""","=""5/2""",,"=""T6892c83""","=""L18349c139""",
Fe,2,"=""1287.9377""","=""0.0004""","=""1287.93745""","=""0.00012""","=""1""","=""""",,"=""107217.854""","=""114980.083""","=""3d6.(5D).6p""","=""6F*""","=""9/2""","=""3d6.(5D).6d""","=""6P""","=""7/2""",,"=""""","=""L18349c148""",
Fe,1,"=""1287.9769""","=""0.0005""","=""1287.97661""","=""0.00023""","=""910""","=""2.00e+03""",C+,"=""18378.186""","=""26140.179""","=""3d6.4s2""","=""a 3P2""","=""2""","=""3d6.(5D).4s.4p.(3P*)""","=""z 5D*""","=""3""",,"=""T5720""","=""L11631""",
C,1,"=""""","=""""","=""1288.051""","=""0.013""","=""""","=""1.0e+05""",D,"=""80834.62491""","=""[88596.17]""","=""2s2.2p.4p""","=""3D""","=""3""","=""2s2.2p.(2P*<3/2>).7d""","=""2[7/2]*""","=""4""",,"=""T5520LS""","=""""",
C,1,"=""""","=""""","=""1288.086""","=""0.005""","=""""","=""3.3e+05""",D,"=""80782.44916""","=""88543.78""","=""2s2.2p.4p""","=""3D""","=""1""","=""2s2.2p.(2P*<1/2>).8s""","=""2[1/2]*""","=""0""",,"=""T5520LS""","=""""",
C,1,"=""""","=""""","=""1288.1""","=""0.3""","=""""","=""8.e+04""",D,"=""80782.44916""","=""88543.5""","=""2s2.2p.4p""","=""3D""","=""1""","=""2s2.2p.(2P*<1/2>).7d""","=""2[3/2]*""","=""2""",,"=""T5520LS""","=""""",
Fe,1,"=""1288.4637""","=""0.0005""","=""1288.46347""","=""0.00023""","=""15""","=""""",,"=""46720.842""","=""54479.902""","=""3d7.(4P).4p""","=""u 5D*""","=""4""","=""3d6.4s.(6D).6s""","=""5D""","=""4""",,"=""""","=""L11631""",
Ne,1,"=""1288.71630""","=""0.00017""","=""1288.71593""","=""0.00023""","=""14""","=""""",,"=""151038.4524""","=""158795.9924""","=""2s2.2p5.(2P*<1/2>).3p""","=""2[1/2]""","=""1""","=""2s2.2p5.(2P*<3/2>).4s""","=""2[3/2]*""","=""1""",,"=""""","=""L9097""",
C,1,"=""""","=""""","=""1288.751""","=""0.022""","=""""","=""1.0e+04""",D,"=""80801.28887""","=""88558.62""","=""2s2.2p.4p""","=""3D""","=""2""","=""2s2.2p.(2P*<1/2>).7d""","=""2[3/2]*""","=""1""",,"=""T5520LS""","=""""",
Fe,1,"=""1289.0693""","=""0.0005""","=""1289.06971""","=""0.00023""","=""5""","=""""",,"=""44458.934""","=""52214.345""","=""3d6.(3P2).4s.4p.(3P*)""","=""w 5D*""","=""0""","=""3d6.(5D).4s (4D).5s""","=""g 5D""","=""1""",,"=""""","=""L11631""",
N,2,"=""""","=""""","=""1289.116""","=""""","=""""","=""2.11e+07""",B,"=""202170.63""","=""209925.76""","=""2s2.2p.4p""","=""1P""","=""1""","=""2s2.2p.4d""","=""1D*""","=""2""",,"=""T5520""","=""""",
Fe,2,"=""1289.57708""","=""0.00015""","=""1289.57737""","=""0.00012""","=""1.7""","=""""",,"=""103983.496""","=""111735.854""","=""3d6.(3G).5s""","=""e 2G""","=""7/2""","=""3d6.(3H).5p""","=""4H*""","=""7/2""",,"=""""","=""L18349c139""",
Fe,2,"=""1289.61175""","=""0.00006""","=""1289.61480""","=""0.00017""","=""110bl(Fe I)""","=""""",,"=""84266.594""","=""92018.727""","=""3d6.(5D).4d""","=""6P""","=""7/2""","=""3d5.(4D).4s.4p.(3P*)""","=""6F*""","=""5/2""",,"=""""","=""L18349c148""",
Fe,1,"=""1289.6119""","=""0.0005""","=""1289.61180""","=""0.00023""","=""269""","=""""",,"=""39625.804""","=""47377.955""","=""3d6.(5D).4s.4p.(1P*)""","=""x 5D*""","=""4""","=""3d7.(4F).5s""","=""e 5F""","=""4""",,"=""""","=""L11631""",
C,1,"=""1289.7217""","=""0.0008""","=""1289.7204""","=""0.0004""","=""8300""","=""1.4e+06""",D,"=""78731.2956""","=""86482.794""","=""2s2.2p.3d""","=""1P*""","=""1""","=""2s2.2p.(2P*<3/2>).5f""","=""2[5/2]""","=""2""",,"=""T9787""","=""L12175c183""",
Fe,1,"=""1289.7222""","=""0.0005""","=""1289.7229""","=""0.0004""","=""13""","=""""",,"=""42859.778""","=""50611.261""","=""3d6.(3P2).4s.4p.(3P*)""","=""x 5P*""","=""2""","=""3d6.(5D).4s (6D).4d""","=""e 7P""","=""3""",,"=""""","=""L11631""",
N,1,"=""""","=""""","=""1289.7334""","=""""","=""""","=""3.23e+06""",C+,"=""96864.050""","=""104615.470""","=""2s2.2p2.(3P).3p""","=""2D*""","=""5/2""","=""2s2.2p2.(3P).3d""","=""2P""","=""3/2""",,"=""T7370""","=""""",
Fe,2,"=""""","=""""","=""1289.7450""","=""0.0003""","=""""","=""1.94e-02""",C+,"=""22637.1950""","=""30388.5451""","=""3d6.(3F2).4s""","=""b 4F""","=""9/2""","=""3d6.(3G).4s""","=""b 2G""","=""9/2""",M1,"=""T8961""","=""""",
Fe,2,"=""1289.8346""","=""0.0003""","=""1289.83476""","=""0.00018""","=""1.4""","=""""",,"=""104593.292""","=""112344.103""","=""3d6.(5D).5d""","=""6G""","=""11/2""","=""3d5.(4F).4s.4p.(3P*)""","=""4G*""","=""11/2""",,"=""""","=""L18349c139""",
Fe,2,"=""1289.95690""","=""0.00013""","=""1289.95692""","=""0.00012""","=""2.4""","=""""",,"=""102394.764""","=""110144.841""","=""3d6.(5D).6s""","=""4D""","=""7/2""","=""3d6.(3F2).5p""","=""4F*""","=""7/2""",,"=""""","=""L18349c139""",
C,1,"=""""","=""""","=""1290.027""","=""0.005""","=""""","=""2.7e+05""",D,"=""80834.62491""","=""88584.28""","=""2s2.2p.4p""","=""3D""","=""3""","=""2s2.2p.(2P*<3/2>).8s""","=""2[3/2]*""","=""2""",,"=""T5520LS""","=""""",
Fe,2,"=""1290.05021""","=""0.00015""","=""1290.05030""","=""0.00013""","=""1.7""","=""""",,"=""103986.338""","=""111735.854""","=""3d6.(3H).4d""","=""4H""","=""7/2""","=""3d6.(3H).5p""","=""4H*""","=""7/2""",,"=""""","=""L18349c139""",
Cs,2,"=""1290.1091""","=""0.0005""","=""1290.0965""","=""0.0003""","=""2400bl*""","=""""",,"=""166806.1612""","=""174555.3995""","=""5p5.(2P*<3/2>).5f""","=""2[9/2]""","=""4""","=""5p5.(2P*<3/2>).6g""","=""2[9/2]*""","=""5""",,"=""""","=""L12126""",
Cs,2,"=""1290.1091""","=""0.0005""","=""1290.1146""","=""0.0005""","=""2400bl*""","=""""",,"=""166806.1612""","=""174555.2911""","=""5p5.(2P*<3/2>).5f""","=""2[9/2]""","=""4""","=""5p5.(2P*<3/2>).6g""","=""2[9/2]*""","=""4""",,"=""""","=""L12126""",
S,1,"=""""","=""""","=""1290.1499""","=""0.0013""","=""""","=""1.56e+05""",E,"=""70164.610""","=""77913.528""","=""3s2.3p3.(4S*).3d""","=""3D*""","=""1""","=""3s2.3p3.(4S*).6p""","=""3P""","=""1""",,"=""T8595,T7952""","=""""",
Si,3,"=""""","=""""","=""1290.163""","=""""","=""""","=""2.51e+07""",B,"=""227665.09""","=""235413.93""","=""3s.5d""","=""1D""","=""2""","=""3p.3d""","=""1F*""","=""3""",,"=""T6298c4""","=""""",
C,1,"=""""","=""""","=""1290.335""","=""0.003""","=""""","=""2.5e+05""",D,"=""80801.28887""","=""88549.095""","=""2s2.2p.4p""","=""3D""","=""2""","=""2s2.2p.(2P*<1/2>).8s""","=""2[1/2]*""","=""1""",,"=""T5520LS""","=""""",
S,1,"=""""","=""""","=""1290.4067""","=""0.0013""","=""""","=""5.63e+05""",D,"=""70166.1526""","=""77913.528""","=""3s2.3p3.(4S*).3d""","=""3D*""","=""2""","=""3s2.3p3.(4S*).6p""","=""3P""","=""1""",,"=""T8595,T7952""","=""""",
C,1,"=""""","=""""","=""1290.437""","=""0.020""","=""""","=""2.4e+02""",D,"=""81344.05485""","=""89091.25""","=""2s2.2p.4p""","=""3P""","=""2""","=""2s2.2p.(2P*<1/2>).8d""","=""2[3/2]*""","=""1""",,"=""T5520LS""","=""""",
Na,1,"=""""","=""""","=""1290.794""","=""0.003""","=""""","=""2.97e+05""",B+,"=""30266.99""","=""38012.042""","=""2p6.4p""","=""2P*""","=""1/2""","=""2p6.7s""","=""2S""","=""1/2""",,"=""c30""","=""""",
C,1,"=""""","=""""","=""1291.01""","=""0.03""","=""""","=""9.e+04""",D,"=""80801.28887""","=""88545.02""","=""2s2.2p.4p""","=""3D""","=""2""","=""2s2.2p.(2P*<1/2>).7d""","=""2[5/2]*""","=""3""",,"=""T5520LS""","=""""",
Ne,1,"=""1291.20141""","=""0.00014""","=""1291.20141""","=""0.00024""","=""8400""","=""1.32e+06""",C+,"=""150858.5079""","=""158601.1152""","=""2s2.2p5.(2P*<1/2>).3p""","=""2[3/2]""","=""2""","=""2s2.2p5.(2P*<3/2>).4s""","=""2[3/2]*""","=""2""",,"=""T6976""","=""L9097""",
C,1,"=""""","=""""","=""1291.3""","=""0.3""","=""""","=""1.5e+04""",D,"=""80801.28887""","=""88543.5""","=""2s2.2p.4p""","=""3D""","=""2""","=""2s2.2p.(2P*<1/2>).7d""","=""2[3/2]*""","=""2""",,"=""T5520LS""","=""""",
Fe,1,"=""1291.32089""","=""0.00017""","=""""","=""""","=""123""","=""""",,"=""""","=""""","=""""","=""""","=""""","=""""","=""""","=""""",,"=""""","=""L11631""",
Fe,2,"=""1291.63181""","=""0.00006""","=""1291.62718""","=""0.00012""","=""90""","=""2.0e+04""",D,"=""83459.721""","=""91199.776""","=""3d6.(5D).4d""","=""e 6F""","=""3/2""","=""3d6.(5D).5p""","=""4D*""","=""1/2""",,"=""T6892c83""","=""L18349c145""",
Fe,1,"=""1291.63182""","=""0.00017""","=""""","=""""","=""630""","=""""",,"=""""","=""""","=""""","=""""","=""""","=""""","=""""","=""""",,"=""""","=""L11631""",
Na,1,"=""""","=""""","=""1291.726""","=""0.003""","=""""","=""5.92e+05""",B+,"=""30272.58""","=""38012.042""","=""2p6.4p""","=""2P*""","=""3/2""","=""2p6.7s""","=""2S""","=""1/2""",,"=""c30""","=""""",
S,1,"=""""","=""""","=""1292.0418""","=""0.0018""","=""""","=""8.36e+05""",E,"=""70164.610""","=""77902.181""","=""3s2.3p3.(4S*).3d""","=""3D*""","=""1""","=""3s2.3p3.(4S*).6p""","=""3P""","=""0""",,"=""T8595,T7952""","=""""",
Ni,2,"=""""","=""""","=""1292.414""","=""""","=""""","=""3.7e-05""",E,"=""24788.20""","=""32523.54""","=""3p6.3d8.(3P).4s""","=""4P""","=""3/2""","=""3p6.3d8.(1G).4s""","=""2G""","=""7/2""",E2,"=""T4240""","=""""",
Fe,2,"=""1292.5772""","=""0.0005""","=""1292.5772""","=""0.0004""","=""1""","=""""",,"=""96239.416""","=""103973.782""","=""3d5.(4G).4s.4p.(3P*)""","=""2H*""","=""9/2""","=""3d6.(3H).4d""","=""4K""","=""11/2""",,"=""""","=""L18349c139""",
He,1,"=""""","=""""","=""1292.789294""","=""0.000007""","=""""","=""1.423e+00""",AA,"=""[186209.3623329]""","=""[193942.45968763]""","=""1s.3p""","=""1P*""","=""1""","=""1s.5p""","=""1P*""","=""1""",E2,"=""T7378""","=""""",
Fe,1,"=""1293.3005""","=""0.0005""","=""1293.30061""","=""0.00024""","=""110""","=""""",,"=""40491.284""","=""48221.324""","=""3d6.(5D).4s.4p.(1P*)""","=""x 5D*""","=""0""","=""3d7.(4F).5s""","=""e 5F""","=""1""",,"=""""","=""L11631""",
Si,3,"=""""","=""""","=""1293.302""","=""""","=""""","=""5.95e+06""",C+,"=""234415.07""","=""242145.10""","=""3s.6p""","=""3P*""","=""0""","=""3s.7s""","=""3S""","=""1""",,"=""T6298c4,LS""","=""""",
Ar,1,"=""1293.3195""","=""""","=""1293.3196""","=""""","=""50""","=""1.0e+07""",D,"=""107131.7086""","=""114861.635""","=""3s2.3p5.(2P*<1/2>).4p""","=""2[3/2]""","=""1""","=""3s2.3p5.(2P*<1/2>).5s""","=""2[1/2]*""","=""0""",,"=""T1618n""","=""L2634""",
Fe,1,"=""1293.4667""","=""0.0005""","=""1293.46660""","=""0.00024""","=""204""","=""""",,"=""43499.505""","=""51228.553""","=""3d6.(3P2).4s.4p.(3P*)""","=""w 5D*""","=""4""","=""3d6.(5D).4s (6D).4d""","=""e 7G""","=""5""",,"=""""","=""L11631""",
Fe,2,"=""1293.4956""","=""0.0008""","=""1293.49372""","=""0.00010""","=""0.4""","=""""",,"=""105211.079""","=""112939.965""","=""3d6.(5D).5d""","=""4G""","=""9/2""","=""3d6.(5D<4>).5f""","=""2[5]*""","=""9/2""",,"=""""","=""L18349c139""",
Cs,2,"=""1293.7934""","=""0.0007""","=""1293.7935""","=""0.0009""","=""600""","=""""",,"=""172914.6297""","=""180641.725""","=""5p5.(2P*<3/2>).8d""","=""2[7/2]*""","=""4""","=""5p5.(2P*<3/2>).9f""","=""2[9/2]""","=""5""",,"=""""","=""L12126""",
Fe,2,"=""1293.96154""","=""0.00016""","=""1293.96115""","=""0.00012""","=""2.4""","=""""",,"=""107283.770""","=""115009.864""","=""3d6.(5D).6p""","=""6D*""","=""1/2""","=""3d6.(5D).6d""","=""6P""","=""3/2""",,"=""""","=""L18349c139""",
S,1,"=""""","=""""","=""1293.9923""","=""0.0010""","=""""","=""1.19e+04""",E',"=""70164.610""","=""77890.518""","=""3s2.3p3.(4S*).3d""","=""3D*""","=""1""","=""3s2.3p3.(4S*).6p""","=""3P""","=""2""",,"=""T8595,T7952""","=""""",
S,1,"=""""","=""""","=""1294.2507""","=""0.0009""","=""""","=""1.56e+05""",E,"=""70166.1526""","=""77890.518""","=""3s2.3p3.(4S*).3d""","=""3D*""","=""2""","=""3s2.3p3.(4S*).6p""","=""3P""","=""2""",,"=""T8595,T7952""","=""""",
Fe,2,"=""1294.2663""","=""""","=""1294.26629""","=""0.00010""","="":""","=""2.13e-03""",B,"=""667.6829""","=""8391.9554""","=""3d6.(5D).4s""","=""a 6D""","=""5/2""","=""3d6.(5D).4s""","=""a 4D""","=""5/2""",M1,"=""T9588c101""","=""L22760""",
Fe,2,"=""1294.4529""","=""0.0002""","=""1294.45256""","=""0.00017""","=""1.1""","=""""",,"=""103921.637""","=""111644.798""","=""3d6.(3H).4d""","=""4G""","=""7/2""","=""3d5.(2H).4s.4p.(3P*)""","=""4I*""","=""9/2""",,"=""""","=""L18349c139""",
Fe,1,"=""1294.6540""","=""0.0005""","=""1294.65321""","=""0.00024""","=""19""","=""""",,"=""26224.969""","=""33946.933""","=""3d7.(2D2).4s""","=""a 3D""","=""3""","=""3d6.(5D).4s.4p.(3P*)""","=""z 3P*""","=""2""",,"=""""","=""L11631""",
C,1,"=""1294.987""","=""0.006""","=""1294.9826""","=""0.0008""","=""2100""","=""1.10e+05""",B,"=""77679.83311""","=""85399.833""","=""2s2.2p.3d""","=""1D*""","=""2""","=""2s2.2p.5p""","=""1D""","=""2""",,"=""T5520""","=""L9405c186""",
Si,3,"=""""","=""""","=""1295.536""","=""""","=""""","=""1.78e+07""",B,"=""234428.40""","=""242145.10""","=""3s.6p""","=""3P*""","=""1""","=""3s.7s""","=""3S""","=""1""",,"=""T6298c4,LS""","=""""",
S,1,"=""""","=""""","=""1295.5557""","=""0.0009""","=""""","=""6.50e+05""",D,"=""70173.9334""","=""77890.518""","=""3s2.3p3.(4S*).3d""","=""3D*""","=""3""","=""3s2.3p3.(4S*).6p""","=""3P""","=""2""",,"=""T8595,T7952""","=""""",
Ar,1,"=""1295.6659""","=""""","=""1295.6658""","=""""","=""500""","=""7.4e+06""",D,"=""104102.0990""","=""111818.028""","=""3s2.3p5.(2P*<3/2>).4p""","=""2[1/2]""","=""1""","=""3s2.3p5.(2P*<3/2>).3d""","=""2[1/2]*""","=""1""",,"=""T1618n""","=""L2634""",
Cs,2,"=""1295.6746""","=""0.0008""","=""1295.6749""","=""0.0003""","=""280""","=""""",,"=""169185.5968""","=""176901.4718""","=""5p5.(2P*<3/2>).5g""","=""2[9/2]*""","=""5""","=""5p5.(2P*<3/2>).7f""","=""2[7/2]""","=""4""",,"=""""","=""L12126""",
Fe,1,"=""1295.84932""","=""0.00017""","=""""","=""""","=""251""","=""""",,"=""""","=""""","=""""","=""""","=""""","=""""","=""""","=""""",,"=""""","=""L11631""",
Si,2,"=""""","=""""","=""1296.19""","=""""","=""""","=""9.44e+05""",C,"=""124449.5""","=""132162.29""","=""3s.3p.(3P*).3d""","=""4D*""","=""7/2""","=""3s.3p.(3P*).4p""","=""4D""","=""7/2""",,"=""T6527c4,LS""","=""""",
Fe,1,"=""1296.2225""","=""0.0005""","=""1296.2234""","=""0.0004""","=""16""","=""""",,"=""45833.223""","=""53545.833""","=""3d6.(3F2).4s.4p.(3P*)""","=""x 5G*""","=""4""","=""3d7.(4F).4d""","=""h 5D""","=""3""",,"=""""","=""L11631""",
Fe,2,"=""1296.34877""","=""0.00009""","=""1296.34929""","=""0.00012""","=""14""","=""8.9e+05""",C+,"=""84131.624""","=""91843.485""","=""3d6.(5D).4d""","=""6D""","=""1/2""","=""3d6.(5D).5p""","=""w 6P*""","=""3/2""",,"=""T6892c83""","=""L18349c139""",
Fe,1,"=""1296.4422""","=""0.0005""","=""1296.4423""","=""0.0009""","=""14""","=""""",,"=""50185.743""","=""57897.051""","=""3d6.(5D).4s (6D).5p""","=""n 7P*""","=""4""","=""3d6.(5D).4s (6D).7s""","=""7D""","=""5""",,"=""""","=""L11631""",
O,2,"=""""","=""""","=""1296.502""","=""""","=""""","=""6.56e+06""",D,"=""248186.64""","=""255897.59""","=""2s2.2p2.(3P).4p""","=""2D*""","=""5/2""","=""2s2.2p2.(3P).4d""","=""2D""","=""5/2""",,"=""T5723LS""","=""""",
C,1,"=""""","=""""","=""1296.60""","=""0.03""","=""""","=""1.1e+04""",D,"=""80834.62491""","=""88545.02""","=""2s2.2p.4p""","=""3D""","=""3""","=""2s2.2p.(2P*<1/2>).7d""","=""2[5/2]*""","=""3""",,"=""T5520LS""","=""""",
Cs,2,"=""1296.6721""","=""0.0002""","=""1296.67234""","=""0.00017""","=""160""","=""""",,"=""168565.0066""","=""176274.9463""","=""5p5.(2P*<3/2>).8p""","=""2[1/2]""","=""0""","=""5p5.(2P*<3/2>).10s""","=""2[3/2]*""","=""1""",,"=""""","=""L12126""",
He,1,"=""1296.845""","=""""","=""1296.843019""","=""0.000007""","=""10""","=""3.3615e+06""",AAA,"=""[186209.3623329]""","=""[193918.28729754]""","=""1s.3p""","=""1P*""","=""1""","=""1s.5d""","=""1D""","=""2""",,"=""T8636c73""","=""L885""",
C,1,"=""""","=""""","=""1296.9""","=""0.3""","=""""","=""4.2e+02""",D,"=""80834.62491""","=""88543.5""","=""2s2.2p.4p""","=""3D""","=""3""","=""2s2.2p.(2P*<1/2>).7d""","=""2[3/2]*""","=""2""",,"=""T5520LS""","=""""",
N,1,"=""""","=""""","=""1296.9581""","=""""","=""""","=""8.54e+05""",D+,"=""104144.820""","=""111853.061""","=""2s2.2p2.(3P).4s""","=""2P""","=""1/2""","=""2s2.2p2.(3P).5p""","=""2D*""","=""3/2""",,"=""u18,LS""","=""""",
He,1,"=""""","=""""","=""1297.034484""","=""0.000007""","=""""","=""3.303e+02""",AA,"=""[186209.3623329]""","=""[193917.14932512]""","=""1s.3p""","=""1P*""","=""1""","=""1s.5d""","=""3D""","=""2""",,"=""T8636c73""","=""""",
S,1,"=""""","=""""","=""1297.047""","=""0.017""","=""""","=""5.27e+05""",D,"=""73920.945""","=""81628.66""","=""3s2.3p3.(4S*).5p""","=""5P""","=""3""","=""3s2.3p3.(4S*).8d""","=""5D*""","=""4""",,"=""T8595,T7952""","=""""",
C,1,"=""1297.054""","=""0.006""","=""1297.05555""","=""0.00007""","=""28000bl""","=""1.5e+04""",C,"=""61981.83211""","=""69689.49393""","=""2s2.2p.3s""","=""1P*""","=""1""","=""2s2.2p.3p""","=""3D""","=""1""",,"=""T6070,u24""","=""L9405c186""",
Ar,2,"=""1297.45898""","=""0.00012""","=""1297.45918""","=""0.00010""","=""25""","=""""",,"=""191974.5800""","=""199679.8440""","=""3s2.3p4.(1S).4p""","=""2P*""","=""3/2""","=""3s2.3p4.(1D).4d""","=""2D""","=""5/2""",,"=""""","=""L11520""",
N,1,"=""""","=""""","=""1297.6156""","=""""","=""""","=""3.57e+04""",C,"=""104615.470""","=""112319.805""","=""2s2.2p2.(3P).3d""","=""2P""","=""3/2""","=""2s2.2p2.(1D).3p""","=""2P*""","=""3/2""",,"=""T5714""","=""""",
Fe,2,"=""1297.63399""","=""0.00008""","=""1297.63433""","=""0.00010""","=""6""","=""""",,"=""102802.353""","=""110506.577""","=""3d6.(5D).6s""","=""4D""","=""5/2""","=""3d6.(3P2).5p""","=""4D*""","=""5/2""",,"=""""","=""L18349c139""",
Fe,1,"=""1297.7356""","=""0.0013""","=""1297.73506""","=""0.00024""","=""8""","=""""",,"=""40257.314""","=""47960.940""","=""3d6.(5D).4s.4p.(1P*)""","=""x 5F*""","=""5""","=""3d7.(4F).5s""","=""e 3F""","=""4""",,"=""""","=""L11631""",
Fe,2,"=""1297.7696""","=""""","=""1297.76963""","=""0.00012""","="":""","=""1.15e-03""",C+,"=""977.0498""","=""8680.4706""","=""3d6.(5D).4s""","=""a 6D""","=""1/2""","=""3d6.(5D).4s""","=""a 4D""","=""3/2""",M1,"=""T9588c104""","=""L22760""",
Si,3,"=""""","=""""","=""1297.854""","=""""","=""""","=""2.95e+07""",B,"=""234442.18""","=""242145.10""","=""3s.6p""","=""3P*""","=""2""","=""3s.7s""","=""3S""","=""1""",,"=""T6298c4,LS""","=""""",
Ne,1,"=""1298.00736""","=""0.00015""","=""1298.00741""","=""0.00024""","=""25""","=""""",,"=""162830.7073""","=""170532.7169""","=""2s2.2p5.(2P*<3/2>).4p""","=""2[5/2]""","=""3""","=""2s2.2p5.(2P*<3/2>).7s""","=""2[3/2]*""","=""2""",,"=""""","=""L9097""",
S,4,"=""""","=""""","=""1298.13+""","=""""","=""""","=""1.70e+01""",D,"=""255395.8""","=""263097.1""","=""3s2.4d""","=""2D""","=""3/2""","=""3s.3p.(3P*).4s""","=""4P*""","=""1/2""",,"=""u29""","=""""",
Na,1,"=""""","=""""","=""1298.2936""","=""0.0005""","=""""","=""3.48e+03""",C',"=""33200.673""","=""[40900.985]""","=""2p6.5s""","=""2S""","=""1/2""","=""2p6.15p""","=""2P*""","=""3/2""",,"=""T817""","=""""",
Na,1,"=""""","=""""","=""1298.3042""","=""0.0005""","=""""","=""3.48e+03""",C',"=""33200.673""","=""[40900.922]""","=""2p6.5s""","=""2S""","=""1/2""","=""2p6.15p""","=""2P*""","=""1/2""",,"=""T817""","=""""",
He,1,"=""1298.489""","=""""","=""1298.485355""","=""0.000007""","=""2*""","=""2.7294e+05""",AAA,"=""[186101.59029341]""","=""[193800.7649571]""","=""1s.3d""","=""3D""","=""1""","=""1s.5p""","=""3P*""","=""0""",,"=""T8636c73""","=""L885""",
He,1,"=""1298.489""","=""""","=""1298.487252""","=""0.000007""","=""2*""","=""2.0466e+05""",AAA,"=""[186101.54609533]""","=""[193800.7095104]""","=""1s.3d""","=""3D""","=""2""","=""1s.5p""","=""3P*""","=""1""",,"=""T8636c73""","=""L885""",
He,1,"=""1298.489""","=""""","=""1298.487591""","=""0.000007""","=""2*""","=""2.2927e+05""",AAA,"=""[186101.54358476]""","=""[193800.7049900]""","=""1s.3d""","=""3D""","=""3""","=""1s.5p""","=""3P*""","=""2""",,"=""T8636c73""","=""L885""",
He,1,"=""1298.489""","=""""","=""1298.488015""","=""0.000007""","=""2*""","=""4.0931e+04""",AAA,"=""[186101.54609533]""","=""[193800.7049900]""","=""1s.3d""","=""3D""","=""2""","=""1s.5p""","=""3P*""","=""2""",,"=""T8636c73""","=""L885""",
He,1,"=""1298.489""","=""""","=""1298.494706""","=""0.000007""","=""2*""","=""6.8235e+04""",AAA,"=""[186101.59029341]""","=""[193800.7095104]""","=""1s.3d""","=""3D""","=""1""","=""1s.5p""","=""3P*""","=""1""",,"=""T8636c73""","=""L885""",
He,1,"=""1298.489""","=""""","=""1298.495469""","=""0.000007""","=""2*""","=""2.7294e+03""",AAA,"=""[186101.59029341]""","=""[193800.7049900]""","=""1s.3d""","=""3D""","=""1""","=""1s.5p""","=""3P*""","=""2""",,"=""T8636c73""","=""L885""",
Fe,2,"=""1298.5804""","=""0.0003""","=""1298.58144""","=""0.00017""","=""7""","=""""",,"=""57411.086""","=""65109.691""","=""3d5.4s2""","=""d 4P""","=""5/2""","=""3d6.(3F2).4p""","=""y 2G*""","=""7/2""",,"=""""","=""L18349c139""",
Fe,2,"=""""","=""""","=""1299.0263""","=""0.0004""","=""""","=""5.13e-03""",C,"=""25805.3270""","=""33501.2957""","=""3d6.(3G).4s""","=""a 4G""","=""9/2""","=""3d6.(1G2).4s""","=""c 2G""","=""7/2""",M1,"=""T8961""","=""""",
O,1,"=""1299.077""","=""""","=""1299.0742+""","=""""","=""120""","=""""",,"=""116631.094""","=""124326.779""","=""2s2.2p3.(2D*).3p""","=""1D""","=""2""","=""2s2.2p3.(2D*<3/2>).3d""","=""1F*""","=""3""",,"=""""","=""L3760""",
O,3,"=""""","=""""","=""1299.14""","=""""","=""""","=""1.80e+07""",C+,"=""394197.9""","=""401893.2""","=""2s.2p2.(2D).3s""","=""3D""","=""3""","=""2s2.2p.(2P*).5d""","=""3F*""","=""4""",,"=""T5376LS""","=""""",
Fe,2,"=""1299.5005""","=""0.0003""","=""1299.50020""","=""0.00019""","=""1.2""","=""""",,"=""104042.692""","=""111735.854""","=""3d6.(3H).4d""","=""4G""","=""5/2""","=""3d6.(3H).5p""","=""4H*""","=""7/2""",,"=""""","=""L18349c139""",
Fe,1,"=""1299.5667""","=""0.0005""","=""1299.56676""","=""0.00024""","=""7""","=""""",,"=""43499.505""","=""51192.273""","=""3d6.(3P2).4s.4p.(3P*)""","=""w 5D*""","=""4""","=""3d6.(5D).4s (6D).4d""","=""e 7F""","=""4""",,"=""""","=""L11631""",
C,1,"=""""","=""""","=""1299.791""","=""0.003""","=""""","=""3.6e+04""",D,"=""79310.86822""","=""87002.31""","=""2s2.2p.3d""","=""3P*""","=""2""","=""2s2.2p.6p""","=""3D""","=""3""",,"=""T5520LS""","=""""",
