species,element,ion_stage,observed_wavelength_air_nm,observed_wavelength_uncertainty_nm,ritz_wavelength_air_nm,ritz_wavelength_uncertainty_nm,observed_wavelength_vacuum_nm,ritz_wavelength_vacuum_nm,relative_intensity,Aki_s-1,accuracy,lower_energy_cm-1,upper_energy_cm-1,lower_configuration,lower_term,lower_J,upper_configuration,upper_term,upper_J,transition_type,transition_probability_reference,line_reference,source,source_file
Cs II,Cs,2,1270.0492,0.0003,1270.04921,0.00024,1270.3966299170274,1270.3966399197438,1500.0,nan,,166591.8501,174463.4074,5p5.(2P*<3/2>).5f,2[5/2],3,5p5.(2P*<3/2>).6g,2[5/2]*,3,,,L12126,NIST ASD,m51_nist_1270_1300_raw.csv
Ar I,Ar,1,1270.2281,nan,1270.228,nan,1270.5755785119363,1270.5754784847732,150.0,7100000.0,D,107496.4166,115366.866,3s2.3p5.(2P*<1/2>).4p,2[1/2],1,3s2.3p5.(2P*<1/2>).3d,2[3/2]*,1,,T1618n,L2634,NIST ASD,m51_nist_1270_1300_raw.csv
Fe II,Fe,2,nan,nan,1270.34348,0.00011,nan,1270.6909898528263,nan,0.0036,C+,977.0498,8846.7837,3d6.(5D).4s,a 6D,1/2,3d6.(5D).4s,a 4D,1/2,M1,T8961,,NIST ASD,m51_nist_1270_1300_raw.csv
Fe II,Fe,2,1270.5705,0.0002,1270.57208,0.00018,1270.9180715187636,1270.9196519479426,11.0,11000.0,D,54283.236,62151.554,3d5.4s2,b 4G,7/2,3d6.(3F2).4p,y 4F*,5/2,,T6892c83,L18349c145,NIST ASD,m51_nist_1270_1300_raw.csv
S II,S,2,nan,nan,1270.62,0.006,nan,1270.9675849645669,nan,2390000.0,C+,130641.154,138509.175,3s2.3p2.(3P).4p,2D*,3/2,3s2.3p2.(1D).3d,2F,5/2,,T3186c85,,NIST ASD,m51_nist_1270_1300_raw.csv
N I,N,1,nan,nan,1270.8899,nan,nan,1271.237558278216,nan,2600000.0,C+,96787.68,104654.03,2s2.2p2.(3P).3p,2D*,3/2,2s2.2p2.(3P).3d,2P,1/2,,T7370,,NIST ASD,m51_nist_1270_1300_raw.csv
C I,C,1,nan,nan,1271.0,0.3,nan,1271.347688185002,nan,24000.0,D,80782.44916,88648.4,2s2.2p.4p,3D,1,2s2.2p.(2P*<3/2>).7d,2[1/2]*,0,,T5520LS,,NIST ASD,m51_nist_1270_1300_raw.csv
Fe II,Fe,2,1271.12375,6e-05,1271.12361,0.00013,1271.4714717995996,1271.471331761571,28.0,nan,,107165.76,115030.664,3d6.(5D).6p,4F*,7/2,3d6.(3D).4d,4F,9/2,,,L18349c139,NIST ASD,m51_nist_1270_1300_raw.csv
N I,N,1,nan,nan,1271.1679,nan,nan,1271.5156337922074,nan,67000.0,C+,96750.84,104615.47,2s2.2p2.(3P).3p,4S*,3/2,2s2.2p2.(3P).3d,2P,3/2,,T7370,,NIST ASD,m51_nist_1270_1300_raw.csv
C I,C,1,nan,nan,1271.2,0.03,nan,1271.5477425116364,nan,6000.0,D,80782.44916,88646.9,2s2.2p.4p,3D,1,2s2.2p.(2P*<3/2>).7d,2[1/2]*,1,,T5520LS,,NIST ASD,m51_nist_1270_1300_raw.csv
Ar II,Ar,2,1271.262,0.002,1271.25877,6e-05,1271.6097593529055,1271.6065284755296,0.0386,nan,,195866.8503,203730.9181,3s2.3p4.(1D).5s,2D,3/2,3s2.3p4.(3P).6p,2P*,3/2,,,L13470,NIST ASD,m51_nist_1270_1300_raw.csv
N I,N,1,nan,nan,1271.63,nan,nan,1271.9778593141093,nan,140000.0,C+,112294.007,120155.8,2s2.2p2.(1D).3p,2P*,1/2,2s2.2p2.(1D).3d,2D,3/2,,T5714,,NIST ASD,m51_nist_1270_1300_raw.csv
O III,O,3,nan,nan,1271.771,nan,nan,1272.118897614517,nan,31400.0,C+,366802.62,374663.52,2s2.2p.(2P*).4p,3D,3,2s.2p2.(4P).3p,3D*,2,,T5376LS,,NIST ASD,m51_nist_1270_1300_raw.csv
S II,S,2,nan,nan,1271.87,0.04,nan,1272.2179245063112,nan,4660000.0,D,150258.51,158118.77,3s2.3p2.(3P).5s,4P,1/2,3s2.3p2.(3P).5p,4S*,3/2,,"u20,LS",,NIST ASD,m51_nist_1270_1300_raw.csv
Ne I,Ne,1,1271.8797,0.0002,1271.87984,0.00023,1272.2276271411645,1272.2277671791935,23.0,nan,,163012.6247,170872.8524,2s2.2p5.(2P*<3/2>).4p,2[3/2],1,2s2.2p5.(2P*<3/2>).6d,2[5/2]*,2,,,L9097,NIST ASD,m51_nist_1270_1300_raw.csv
N III,N,3,nan,nan,1272.08,nan,nan,1272.4279815495606,nan,11000000.0,B,378432.8,386291.8,2s.2p.(3P*).4p,4S,3/2,2s.2p.(3P*).4d,4P*,3/2,,T7192LS,,NIST ASD,m51_nist_1270_1300_raw.csv
C I,C,1,nan,nan,1272.09,0.03,nan,1272.4379842659075,nan,28000.0,D,81311.0544,89170.01,2s2.2p.4p,3P,0,2s2.2p.(2P*<3/2>).8d,2[1/2]*,1,,T5520LS,,NIST ASD,m51_nist_1270_1300_raw.csv
Fe II,Fe,2,1272.14465,0.00018,1272.14231,0.00015,1272.4926491107462,1272.4903084751209,1.4,9000.0,D,94685.083,102543.689,3d5.(4D).4s.4p.(3P*),6P*,5/2,3d6.(5D).6s,6D,3/2,,T6892c83,L18349c139,NIST ASD,m51_nist_1270_1300_raw.csv
C I,C,1,nan,nan,1272.46,0.06,nan,1272.808084770852,nan,240.0,D,80782.44916,88639.1,2s2.2p.4p,3D,1,2s2.2p.(2P*<3/2>).7d,2[3/2]*,2,,T5520LS,,NIST ASD,m51_nist_1270_1300_raw.csv
Ne I,Ne,1,1272.6785,0.0004,1272.678,0.0004,1273.0266441231947,1273.026143987377,11.0,nan,,163012.6247,170867.923,2s2.2p5.(2P*<3/2>).4p,2[3/2],1,2s2.2p5.(2P*<3/2>).6d,2[3/2]*,1,,,L9097,NIST ASD,m51_nist_1270_1300_raw.csv
Al II,Al,2,nan,nan,1272.71,nan,nan,1273.0581526797168,nan,2090.0,E,138561.8,146416.9,3s.6f,3F*,4,3s.9g,3G,3,,"T6298c4,LS",,NIST ASD,m51_nist_1270_1300_raw.csv
Al II,Al,2,nan,nan,1272.71,nan,nan,1273.0581526797168,nan,107000.0,D,138561.8,146416.9,3s.6f,3F*,4,3s.9g,3G,4,,"T6298c4,LS",,NIST ASD,m51_nist_1270_1300_raw.csv
Al II,Al,2,nan,nan,1272.71,nan,nan,1273.0581526797168,nan,1700000.0,C+,138561.8,146416.9,3s.6f,3F*,4,3s.9g,3G,5,,"T6298c4,LS",,NIST ASD,m51_nist_1270_1300_raw.csv
Fe I,Fe,1,1272.9959,0.0005,1272.99631,0.00023,1273.344130340413,1273.344540451784,47.0,nan,,43163.326,51016.66,3d6.(5D).4s (6D).5s,e 7D,4,3d6.(5D).4s (6D).5p,u 5F*,5,,,L11631,NIST ASD,m51_nist_1270_1300_raw.csv
Si II,Si,2,nan,nan,1273.164,nan,nan,1273.512276002462,nan,11100000.0,C+,113962.08,121814.38,3s2.6p,2P*,1/2,3s2.8s,2S,1/2,,T7166,,NIST ASD,m51_nist_1270_1300_raw.csv
Ar II,Ar,2,1273.24024,5e-05,1273.24026,5e-05,1273.588536712022,1273.5885567174548,85.0,nan,,183090.8927,190942.722,3s2.3p4.(3P).5s,2P,3/2,3s2.3p4.(3P).5p,2S*,1/2,,,L11520,NIST ASD,m51_nist_1270_1300_raw.csv
Si IV,Si,4,nan,nan,1273.292,nan,nan,1273.6403107719275,nan,357000.0,B+,328200.04,336051.55,2p6.7f,2F*,5/2,2p6.8d,2D,5/2,,c33,,NIST ASD,m51_nist_1270_1300_raw.csv
Si IV,Si,4,nan,nan,1273.292,nan,nan,1273.6403107719275,nan,7510000.0,A,328200.04,336051.55,2p6.7f,2F*,5/2,2p6.8d,2D,3/2,,c33,,NIST ASD,m51_nist_1270_1300_raw.csv
Si IV,Si,4,nan,nan,1273.292,nan,nan,1273.6403107719275,nan,7150000.0,A,328200.04,336051.55,2p6.7f,2F*,7/2,2p6.8d,2D,5/2,,c33,,NIST ASD,m51_nist_1270_1300_raw.csv
Ar I,Ar,1,1273.3418,nan,1273.3418,nan,1273.6901242994293,1273.6901242994293,30.0,1100000.0,D,105617.27,113468.473,3s2.3p5.(2P*<3/2>).4p,2[5/2],2,3s2.3p5.(2P*<3/2>).5s,2[3/2]*,2,,T1618n,L2634,NIST ASD,m51_nist_1270_1300_raw.csv
Fe II,Fe,2,1273.37245,7e-05,1273.37427,0.00021,1273.7207826250929,1273.7226031194716,6.0,nan,,104315.373,112166.376,3d6.(3H).4d,2K,13/2,3d5.(2H).4s.4p.(3P*),4I*,11/2,,,L18349c145,NIST ASD,m51_nist_1270_1300_raw.csv
Fe II,Fe,2,1273.4105,0.0007,1273.41044,0.00015,1273.758842960869,1273.7587829445713,0.4,nan,,107197.107,115047.887,3d6.(5D).6p,6P*,7/2,3d6.(5D).6d,6P,5/2,,,L18349c139,NIST ASD,m51_nist_1270_1300_raw.csv
Cs II,Cs,2,1273.55184,0.00011,1273.55186,0.00018,1273.90022135402,1273.9002413594526,200000.0,nan,,149221.3163,157071.2245,5p5.(2P*<3/2>).7s,2[3/2]*,2,5p5.(2P*<3/2>).7p,2[3/2],2,,,L12126,NIST ASD,m51_nist_1270_1300_raw.csv
Ar II,Ar,2,1273.86,0.002,1273.86035,8e-05,1274.2084650617342,1274.2088151568075,0.0012,nan,,147503.1134,155351.1206,3s2.3p4.(3P).3d,4P,3/2,3s2.3p4.(3P).4p,4P*,3/2,,,L13470,NIST ASD,m51_nist_1270_1300_raw.csv
Fe I,Fe,1,1273.8796,0.0005,1273.87953,0.00023,1274.2280703858282,1274.2280003668134,8.0,nan,,43922.668,51770.557,3d6.(3P2).4s.4p.(3P*),w 5D*,3,3d6.(5D).4s (4D).5s,g 5D,3,,,L11631,NIST ASD,m51_nist_1270_1300_raw.csv
Fe I,Fe,1,1273.9204,0.0005,1273.91947,0.00023,1274.2688814686373,1274.2679512160146,9.0,nan,,47017.188,54864.831,3d7.(4P).4p,w 3D*,3,3d6.4s.(6D).6s,5D,3,,,L11631,NIST ASD,m51_nist_1270_1300_raw.csv
Fe II,Fe,2,1274.1936,0.0003,1274.19387,0.00015,1274.542155680063,1274.5424257534053,1.4,nan,,106924.441,114770.394,3d6.(3F2).4d,2G,9/2,3d6.(3G).5p,2H*,9/2,,,L18349c139,NIST ASD,m51_nist_1270_1300_raw.csv
C I,C,1,nan,nan,1274.25,0.03,nan,1274.5985710004445,nan,18000.0,D,80801.28887,88646.9,2s2.2p.4p,3D,2,2s2.2p.(2P*<3/2>).7d,2[1/2]*,1,,T5520LS,,NIST ASD,m51_nist_1270_1300_raw.csv
Si II,Si,2,nan,nan,1274.29,nan,nan,1274.6385818659667,nan,165000.0,D+,124316.9,132162.29,3s.3p.(3P*).3d,4D*,5/2,3s.3p.(3P*).4p,4D,7/2,,"T6527c4,LS",,NIST ASD,m51_nist_1270_1300_raw.csv
Fe II,Fe,2,1274.47921,7e-05,1274.47911,0.00011,1274.8278432626348,1274.8277432354712,7.0,nan,,103751.672,111595.869,3d6.(3H).4d,4H,11/2,3d6.(3H).5p,4H*,11/2,,,L18349c139,NIST ASD,m51_nist_1270_1300_raw.csv
C I,C,1,nan,nan,1274.48,0.03,nan,1274.8286334772292,nan,21000.0,D,81325.81077,89170.01,2s2.2p.4p,3P,1,2s2.2p.(2P*<3/2>).8d,2[1/2]*,1,,T5520LS,,NIST ASD,m51_nist_1270_1300_raw.csv
N II,N,2,nan,nan,1274.527,nan,nan,1274.8756462442345,nan,1640000.0,C+,202861.36,210705.26,2s2.2p.4p,3D,3,2s2.2p.4d,3P*,2,,T5520LS,,NIST ASD,m51_nist_1270_1300_raw.csv
C I,C,1,nan,nan,1274.6,0.3,nan,1274.9486660738446,nan,80000.0,D,81325.81077,89169.2,2s2.2p.4p,3P,1,2s2.2p.(2P*<3/2>).8d,2[1/2]*,0,,T5520LS,,NIST ASD,m51_nist_1270_1300_raw.csv
Ne I,Ne,1,1274.62264,0.00015,1274.62277,0.00023,1274.9713122237422,1274.971442259055,540.0,nan,,161699.6613,169542.9742,2s2.2p5.(2P*<3/2>).3d,2[5/2]*,2,2s2.2p5.(2P*<3/2>).5f,2[7/2],3,,,L9097,NIST ASD,m51_nist_1270_1300_raw.csv
Ar I,Ar,1,1274.6232,nan,1274.6232,nan,1274.9718723758597,1274.9718723758597,12.0,2000000.0,D,107131.7086,114975.019,3s2.3p5.(2P*<1/2>).4p,2[3/2],1,3s2.3p5.(2P*<1/2>).5s,2[1/2]*,1,,T1618n,L2634,NIST ASD,m51_nist_1270_1300_raw.csv
Cs II,Cs,2,1274.63366,0.00019,1274.63362,0.00017,1274.9823352171993,1274.982295206334,40000.0,nan,,156822.8269,164666.073,5p5.(2P*<3/2>).7p,2[3/2],1,5p5.(2P*<3/2>).8s,2[3/2]*,1,,,L12126,NIST ASD,m51_nist_1270_1300_raw.csv
Al I,Al,1,1274.7671,nan,1274.7663,nan,1275.1158114646685,1275.1150112473572,8.0,6320.0,D,32435.453,40277.883,3s2.3d,2D,3/2,3s2.5p,2P*,3/2,,"u36,LS",L6693,NIST ASD,m51_nist_1270_1300_raw.csv
Ne I,Ne,1,1274.91248,0.00015,1274.9128,0.00023,1275.2612309555348,1275.2615510424594,710.0,nan,,161701.4486,169542.9772,2s2.2p5.(2P*<3/2>).3d,2[5/2]*,3,2s2.2p5.(2P*<3/2>).5f,2[7/2],4,,,L9097,NIST ASD,m51_nist_1270_1300_raw.csv
Al I,Al,1,1274.9909,nan,1274.9846,nan,1275.3396722574726,1275.3333705461457,nan,56700.0,C+,32436.796,40277.883,3s2.3d,2D,5/2,3s2.5p,2P*,3/2,,"u36,LS",L6693,NIST ASD,m51_nist_1270_1300_raw.csv
Ne I,Ne,1,1275.27222,0.00014,1275.27435,0.00023,1275.6210686750592,1275.6231992536516,nan,nan,,161699.6613,169538.9668,2s2.2p5.(2P*<3/2>).3d,2[5/2]*,2,2s2.2p5.(2P*<3/2>).5f,2[5/2],3,,,L9097,NIST ASD,m51_nist_1270_1300_raw.csv
Ne I,Ne,1,1275.27222,0.00014,1275.2723,0.00023,1275.6210686750592,1275.6211486967904,nan,nan,,161699.6613,169538.9794,2s2.2p5.(2P*<3/2>).3d,2[5/2]*,2,2s2.2p5.(2P*<3/2>).5f,2[5/2],2,,,L9097,NIST ASD,m51_nist_1270_1300_raw.csv
Fe II,Fe,2,1275.3234,0.0002,1275.3234,0.0001,1275.672262577575,1275.672262577575,2.8,nan,,105155.093,112994.097,3d6.(3F2).4d,4G,9/2,3d6.(5D<4>).5f,2[6]*,11/2,,,L18349c139,NIST ASD,m51_nist_1270_1300_raw.csv
C I,C,1,nan,nan,1275.52,0.07,nan,1275.868915981962,nan,3500.0,D,80801.28887,88639.1,2s2.2p.4p,3D,2,2s2.2p.(2P*<3/2>).7d,2[3/2]*,2,,T5520LS,,NIST ASD,m51_nist_1270_1300_raw.csv
Si II,Si,2,nan,nan,1275.542,nan,nan,1275.8909219580414,nan,22700000.0,C+,113976.72,121814.38,3s2.6p,2P*,3/2,3s2.8s,2S,1/2,,T7166,,NIST ASD,m51_nist_1270_1300_raw.csv
Ne I,Ne,1,1275.56507,0.00014,1275.56517,0.00023,1275.9139982247764,1275.9140982519405,170.0,nan,,161701.4486,169538.9668,2s2.2p5.(2P*<3/2>).3d,2[5/2]*,3,2s2.2p5.(2P*<3/2>).5f,2[5/2],3,,,L9097,NIST ASD,m51_nist_1270_1300_raw.csv
He I,He,1,nan,nan,1275.568847,6e-06,nan,1275.9177762507609,nan,127540.0,AAA,nan,nan,1s.3d,1D,2,1s.5p,1P*,1,,T8636c73,,NIST ASD,m51_nist_1270_1300_raw.csv
Fe II,Fe,2,1275.6758,0.0004,1275.67686,8e-05,1276.0247583034861,1276.025818591425,1.5,nan,,99688.355,107525.187,3d6.(3F2).5s,f 4F,7/2,3d6.(5D).6p,6P*,5/2,,,L18349c139,NIST ASD,m51_nist_1270_1300_raw.csv
C I,C,1,nan,nan,1275.68,0.07,nan,1276.028959444375,nan,21000.0,D,81325.81077,89162.6,2s2.2p.4p,3P,1,2s2.2p.(2P*<3/2>).8d,2[3/2]*,2,,T5520LS,,NIST ASD,m51_nist_1270_1300_raw.csv
Al I,Al,1,1275.7275,nan,1275.7268,nan,1276.0764723472864,1276.0757721571383,17.0,62900.0,C+,32435.453,40271.978,3s2.3d,2D,3/2,3s2.5p,2P*,1/2,,"u36,LS",L6693,NIST ASD,m51_nist_1270_1300_raw.csv
N I,N,1,nan,nan,1275.81,nan,nan,1276.1589947576144,nan,20600.0,C+,112319.805,120155.8,2s2.2p2.(1D).3p,2P*,3/2,2s2.2p2.(1D).3d,2D,3/2,,T5714,,NIST ASD,m51_nist_1270_1300_raw.csv
Ne I,Ne,1,1275.99494,0.00016,1275.99496,0.00023,1276.343984994817,1276.34400500025,37.0,nan,,163038.3544,170873.2327,2s2.2p5.(2P*<3/2>).4p,2[3/2],2,2s2.2p5.(2P*<3/2>).6d,2[5/2]*,3,,,L9097,NIST ASD,m51_nist_1270_1300_raw.csv
N I,N,1,nan,nan,1276.104,nan,nan,1276.4530746199594,nan,163000.0,D+,103667.16,111501.368,2s2.2p2.(3P).4s,4P,3/2,2s2.2p2.(3P).5p,4S*,3/2,,"u18,LS",,NIST ASD,m51_nist_1270_1300_raw.csv
Fe II,Fe,2,nan,nan,1276.2111,0.0004,nan,1276.5602037127035,nan,0.00109,C,13474.4474,21307.999,3d7,a 4P,5/2,3d7,a 2D2,3/2,M1,T8961,,NIST ASD,m51_nist_1270_1300_raw.csv
Al III,Al,3,nan,nan,1276.306,nan,nan,1276.6551294914427,nan,22900000.0,A+,170637.35,178470.32,2p6.5s,2S,1/2,2p6.5p,2P*,3/2,,c32,,NIST ASD,m51_nist_1270_1300_raw.csv
O II,O,2,nan,nan,1276.353,nan,nan,1276.7021422585792,nan,6630000.0,D,248010.23,255842.91,2s2.2p2.(3P).4p,2D*,3/2,2s2.2p2.(3P).4d,2D,3/2,,T5723LS,,NIST ASD,m51_nist_1270_1300_raw.csv
Fe II,Fe,2,1276.4678,0.0002,1276.46764,0.00011,1276.8169734430026,1276.81681339954,1.8,nan,,99918.563,107750.54,3d6.(3F2).5s,f 4F,3/2,3d6.(5D).6p,4D*,1/2,,,L18349c139,NIST ASD,m51_nist_1270_1300_raw.csv
Ne I,Ne,1,1276.6582,0.0003,1276.65852,0.00023,1277.0074251635542,1277.0077452504795,nan,nan,,161699.6613,169530.4673,2s2.2p5.(2P*<3/2>).3d,2[5/2]*,2,2s2.2p5.(2P*<3/2>).5f,2[3/2],1,,,L9097,NIST ASD,m51_nist_1270_1300_raw.csv
Ne I,Ne,1,1276.6582,0.0003,1276.65544,0.00023,1277.0074251635542,1277.004664413823,nan,nan,,161699.6613,169530.4862,2s2.2p5.(2P*<3/2>).3d,2[5/2]*,2,2s2.2p5.(2P*<3/2>).5f,2[3/2],2,,,L9097,NIST ASD,m51_nist_1270_1300_raw.csv
N I,N,1,nan,nan,1276.74,nan,nan,1277.08924738385,nan,169000.0,C+,112319.805,120150.1,2s2.2p2.(1D).3p,2P*,3/2,2s2.2p2.(1D).3d,2D,5/2,,T5714,,NIST ASD,m51_nist_1270_1300_raw.csv
S IV,S,4,nan,nan,nan,nan,nan,nan,nan,437000.0,D,301109.8,308939.3,3s.3p.(3P*).4p,2D,3/2,3s.3p.(1P*).4s,2P*,1/2,,"T6527c4,LS",,NIST ASD,m51_nist_1270_1300_raw.csv
Ne I,Ne,1,1276.9525,0.00014,1276.95247,0.00023,1277.3018051077718,1277.3017750996225,1600.0,244000.0,C+,150772.1118,158601.1152,2s2.2p5.(2P*<1/2>).3p,2[3/2],1,2s2.2p5.(2P*<3/2>).4s,2[3/2]*,2,,T6976,L9097,NIST ASD,m51_nist_1270_1300_raw.csv
N I,N,1,nan,nan,1277.1504,nan,nan,1277.499758865782,nan,663000.0,C+,96787.68,104615.47,2s2.2p2.(3P).3p,2D*,3/2,2s2.2p2.(3P).3d,2P,3/2,,T7370,,NIST ASD,m51_nist_1270_1300_raw.csv
Na I,Na,1,nan,nan,1277.1506,0.0005,nan,1277.4999589201107,nan,2330.0,C',33200.673,nan,2p6.5s,2S,1/2,2p6.17p,2P*,3/2,,T817,,NIST ASD,m51_nist_1270_1300_raw.csv
Na I,Na,1,nan,nan,1277.1576,0.0005,nan,1277.506960821608,nan,2330.0,C',33200.673,nan,2p6.5s,2S,1/2,2p6.17p,2P*,1/2,,T817,,NIST ASD,m51_nist_1270_1300_raw.csv
C I,C,1,nan,nan,1277.45,0.03,nan,1277.7994402499276,nan,34000.0,D,81344.05485,89170.01,2s2.2p.4p,3P,2,2s2.2p.(2P*<3/2>).8d,2[1/2]*,1,,T5520LS,,NIST ASD,m51_nist_1270_1300_raw.csv
Fe II,Fe,2,nan,nan,1277.5858,0.0003,nan,1277.935277139048,nan,0.0073,C,22939.3512,30764.4737,3d6.(3F2).4s,b 4F,5/2,3d6.(3G).4s,b 2G,7/2,M1,T9588c100,,NIST ASD,m51_nist_1270_1300_raw.csv
Ne I,Ne,1,1277.6652,0.0003,1277.6654,0.00024,1278.0146987075154,1278.0148987618443,16.0,nan,,163038.3544,170862.9893,2s2.2p5.(2P*<3/2>).4p,2[3/2],2,2s2.2p5.(2P*<3/2>).6d,2[3/2]*,2,,,L9097,NIST ASD,m51_nist_1270_1300_raw.csv
Fe II,Fe,2,1277.684,0.0004,1277.68301,0.00011,1278.0335038144085,1278.0325135454818,2.7,nan,,103771.342,111595.869,3d6.(3H).4d,4G,9/2,3d6.(3H).5p,4H*,11/2,,,L18349c139,NIST ASD,m51_nist_1270_1300_raw.csv
Ni II,Ni,2,nan,nan,1277.916,nan,nan,1278.2655668356856,nan,2.1e-05,E,1506.94,9330.04,3p6.3d9,2D,3/2,3p6.3d8.(3F).4s,4F,7/2,E2,T4240,,NIST ASD,m51_nist_1270_1300_raw.csv
C I,C,1,nan,nan,1278.045,0.004,nan,1278.3946018777242,nan,6000.0,D,80782.44916,88604.76,2s2.2p.4p,3D,1,2s2.2p.(2P*<3/2>).7d,2[5/2]*,2,,T5520LS,,NIST ASD,m51_nist_1270_1300_raw.csv
Fe II,Fe,2,1278.07218,0.00016,1278.07161,0.00011,1278.4217892610031,1278.4212191061663,1.7,nan,,104064.664,111886.812,3d6.(3H).4d,4I,13/2,3d6.(3F2).5p,4G*,11/2,,,L18349c139,NIST ASD,m51_nist_1270_1300_raw.csv
Ar II,Ar,2,1278.27756,5e-05,1278.27758,5e-05,1278.6272250512488,1278.6272450566817,447.0,nan,,181594.1404,189415.028,3s2.3p4.(3P).5s,4P,5/2,3s2.3p4.(3P).5p,4D*,7/2,,,L11520,NIST ASD,m51_nist_1270_1300_raw.csv
Fe I,Fe,1,1278.345,0.003,1278.3445,0.0005,1278.6946833709346,1278.6941832351124,nan,nan,,51539.72,59360.198,3d6.(5D).4s (6D).4d,e 7G,2,3d6.4s.(4D).5p,5P*,1,,,L11631,NIST ASD,m51_nist_1270_1300_raw.csv
He I,He,1,1278.479,nan,1278.491405,6e-06,1278.8287197712793,1278.841128141029,nan,20331.0,AAA,nan,nan,1s.3d,3D,3,1s.5f,3F*,2,,T8636c73,L7384,NIST ASD,m51_nist_1270_1300_raw.csv
He I,He,1,1278.479,nan,1278.491815,6e-06,1278.8287197712793,1278.8415382524033,nan,711420.0,AAA,nan,nan,1s.3d,3D,2,1s.5f,3F*,2,,T8636c73,L7384,NIST ASD,m51_nist_1270_1300_raw.csv
He I,He,1,1278.479,nan,1278.492126,6e-06,1278.8287197712793,1278.841849336885,nan,4574600.0,AAA,nan,nan,1s.3d,3D,3,1s.5f,3F*,4,,T8636c73,L7384,NIST ASD,m51_nist_1270_1300_raw.csv
He I,He,1,1278.479,nan,1278.492629,6e-06,1278.8287197712793,1278.842352473522,nan,354570.0,AAA,nan,nan,1s.3d,3D,3,1s.5f,3F*,3,,T8636c73,L7384,NIST ASD,m51_nist_1270_1300_raw.csv
He I,He,1,1278.479,nan,1278.493039,6e-06,1278.8287197712793,1278.842762584896,nan,2898000.0,AAA,nan,nan,1s.3d,3D,2,1s.5f,3F*,3,,T8636c73,L7384,NIST ASD,m51_nist_1270_1300_raw.csv
He I,He,1,nan,nan,1278.490566,6e-06,nan,1278.8402889131194,nan,153700.0,AA,nan,nan,1s.3d,3D,3,1s.5f,1F*,3,,T8636c73,,NIST ASD,m51_nist_1270_1300_raw.csv
He I,He,1,nan,nan,1278.490977,6e-06,nan,1278.840700024765,nan,1168000.0,AA,nan,nan,1s.3d,3D,2,1s.5f,1F*,3,,T8636c73,,NIST ASD,m51_nist_1270_1300_raw.csv
He I,He,1,1278.499,nan,1278.499041,6e-06,1278.8487252041689,1278.8487662153063,50.0,3842600.0,AAA,nan,nan,1s.3d,3D,1,1s.5f,3F*,2,,T8636c73,L885,NIST ASD,m51_nist_1270_1300_raw.csv
C I,C,1,nan,nan,1278.66,0.07,nan,1279.0097689389527,nan,60000.0,D,81344.05485,89162.6,2s2.2p.4p,3P,2,2s2.2p.(2P*<3/2>).8d,2[3/2]*,2,,T5520LS,,NIST ASD,m51_nist_1270_1300_raw.csv
Fe II,Fe,2,1278.7728,nan,1278.77281,0.0001,1279.1225995804887,1279.122609583205,nan,0.00355,C+,862.6118,8680.4706,3d6.(5D).4s,a 6D,3/2,3d6.(5D).4s,a 4D,3/2,M1,T9588c104,L22760,NIST ASD,m51_nist_1270_1300_raw.csv
Fe II,Fe,2,1278.7891,0.00013,1278.7893,0.0001,1279.138904008301,1279.13910406263,2.3,nan,,99918.563,107736.321,3d6.(3F2).5s,f 4F,3/2,3d6.(5D).6p,4F*,3/2,,,L18349c139,NIST ASD,m51_nist_1270_1300_raw.csv
C I,C,1,nan,nan,1278.935,0.005,nan,1279.2848436413133,nan,7000.0,D,81325.81077,89142.68,2s2.2p.4p,3P,1,2s2.2p.(2P*<3/2>).8d,2[5/2]*,2,,T5520LS,,NIST ASD,m51_nist_1270_1300_raw.csv
Fe I,Fe,1,1278.945,0.0005,1278.94504,0.00023,1279.294846357765,1279.294886368631,123.0,nan,,40404.518,48221.324,3d6.(5D).4s.4p.(1P*),x 5D*,1,3d7.(4F).5s,e 5F,1,,,L11631,NIST ASD,m51_nist_1270_1300_raw.csv
O I,O,1,nan,nan,1279.035,nan,nan,1279.3848708058367,nan,177000.0,C+,99680.968,107497.224,2s2.2p3.(4S*).4p,3P,1,2s2.2p3.(4S*).8s,3S*,1,,T5713LS,,NIST ASD,m51_nist_1270_1300_raw.csv
O I,O,1,nan,nan,1279.0483,nan,nan,1279.3981744187192,nan,295000.0,C+,99681.049,107497.224,2s2.2p3.(4S*).4p,3P,2,2s2.2p3.(4S*).8s,3S*,1,,T5713LS,,NIST ASD,m51_nist_1270_1300_raw.csv
He I,He,1,nan,nan,1279.0509,6e-06,nan,1279.4007751249974,nan,173.2,AA,nan,nan,1s.3d,1D,2,1s.5f,3F*,2,,T8636c73,,NIST ASD,m51_nist_1270_1300_raw.csv
He I,He,1,nan,nan,1279.052125,6e-06,nan,1279.4020004577626,nan,1320000.0,AA,nan,nan,1s.3d,1D,2,1s.5f,3F*,3,,T8636c73,,NIST ASD,m51_nist_1270_1300_raw.csv
He I,He,1,1279.057,nan,1279.05006,6e-06,1279.4068767820338,1279.3999348968155,20.0,3247500.0,AAA,nan,nan,1s.3d,1D,2,1s.5f,1F*,3,,T8636c73,L885,NIST ASD,m51_nist_1270_1300_raw.csv
O I,O,1,nan,nan,1279.0908,nan,nan,1279.4406859636474,nan,58900.0,C+,99681.309,107497.224,2s2.2p3.(4S*).4p,3P,0,2s2.2p3.(4S*).8s,3S*,1,,T5713LS,,NIST ASD,m51_nist_1270_1300_raw.csv
Mg II,Mg,2,1279.224,nan,1279.205,nan,1279.573922146827,1279.554916985561,nan,nan,,109062.32,116877.54,2p6.6f,2F*,5/2,2p6.10g,2G,7/2,,,L6692,NIST ASD,m51_nist_1270_1300_raw.csv
Mg II,Mg,2,1279.224,nan,1279.209,nan,1279.573922146827,1279.5589180721433,nan,nan,,109062.35,116877.54,2p6.6f,2F*,7/2,2p6.10g,2G,9/2,,,L6692,NIST ASD,m51_nist_1270_1300_raw.csv
Fe II,Fe,2,1279.3517,0.0003,1279.35143,0.00011,1279.7016568359818,1279.7013867626376,1.0,nan,,107165.76,114980.083,3d6.(5D).6p,4F*,7/2,3d6.(5D).6d,6P,7/2,,,L18349c139,NIST ASD,m51_nist_1270_1300_raw.csv
Fe II,Fe,2,1279.4531,0.00017,1279.45245,0.00015,1279.8030843808726,1279.8024342043027,7.0,nan,,65580.065,73393.771,3d6.(3G).4p,x 4G*,11/2,3d5.4s2,4F,9/2,,,L18349c139,NIST ASD,m51_nist_1270_1300_raw.csv
Fe II,Fe,2,1279.59916,0.00019,1279.59918,0.00013,1279.9491840574951,1279.949204062928,2.1,nan,,107217.854,115030.664,3d6.(5D).6p,6F*,9/2,3d6.(3D).4d,4F,9/2,,,L18349c139,NIST ASD,m51_nist_1270_1300_raw.csv
Fe II,Fe,2,1279.73438,0.00015,1279.73432,0.0001,1280.0844407895033,1280.0843807732044,1.8,nan,,106361.238,114173.223,3d6.(5D).6p,6D*,9/2,3d6.(5D).6d,6D,7/2,,,L18349c139,NIST ASD,m51_nist_1270_1300_raw.csv
Cs II,Cs,2,1280.11622,0.0002,1280.1163,0.0003,1280.4663845150624,1280.466464536794,3100.0,nan,,170492.1254,178301.7795,5p5.(2P*<1/2>).7p,2[1/2],1,5p5.(2P*<1/2>).8s,2[1/2]*,0,,,L12126,NIST ASD,m51_nist_1270_1300_raw.csv
Ar I,Ar,1,1280.2739,nan,1280.2737,nan,1280.6241073483711,1280.6239072940418,200.0,5700000.0,D,105617.27,113425.964,3s2.3p5.(2P*<3/2>).4p,2[5/2],2,3s2.3p5.(2P*<3/2>).3d,2[5/2]*,2,,T1618n,L2634,NIST ASD,m51_nist_1270_1300_raw.csv
Fe II,Fe,2,1280.6293,0.0002,1280.62905,0.0001,1280.9796038918755,1280.9793538239635,2.1,nan,,105127.773,112934.3,3d6.(5D).5d,4D,5/2,3d6.(5D<4>).5f,2[2]*,5/2,,,L18349c139,NIST ASD,m51_nist_1270_1300_raw.csv
Fe I,Fe,1,1280.7149,0.0005,1280.71518,0.00023,1281.0652271449258,1281.0655072209872,355.0,nan,,29356.744,37162.746,3d6.4s2,b 3D,2,3d7.(4F).4p,y 3F*,3,,,L11631,NIST ASD,m51_nist_1270_1300_raw.csv
Mg II,Mg,2,1280.724,nan,1280.717,nan,1281.0743296169214,1281.0673277153862,2.0,nan,,109072.05,116878.04,2p6.6g,2G,9/2,2p6.10h,2H*,11/2,,,L6692,NIST ASD,m51_nist_1270_1300_raw.csv
Fe I,Fe,1,1280.8244,0.0005,1280.8243,0.00023,1281.1747568903743,1281.1746568632095,204.0,nan,,40231.336,48036.673,3d6.(5D).4s.4p.(1P*),x 5D*,2,3d7.(4F).5s,e 5F,2,,,L11631,NIST ASD,m51_nist_1270_1300_raw.csv
C I,C,1,nan,nan,1280.87,0.03,nan,1281.2203692775254,nan,4500.0,D,80801.28887,88606.32,2s2.2p.4p,3D,2,2s2.2p.(2P*<3/2>).7d,2[5/2]*,3,,T5520LS,,NIST ASD,m51_nist_1270_1300_raw.csv
N III,N,3,nan,nan,1280.9,nan,nan,1281.2503774269687,nan,10800000.0,B,378432.8,386237.7,2s.2p.(3P*).4p,4S,3/2,2s.2p.(3P*).4d,4P*,5/2,,T7192LS,,NIST ASD,m51_nist_1270_1300_raw.csv
C I,C,1,nan,nan,1280.97,0.07,nan,1281.320396442341,nan,19000.0,D,80834.62491,88639.1,2s2.2p.4p,3D,3,2s2.2p.(2P*<3/2>).7d,2[3/2]*,2,,T5520LS,,NIST ASD,m51_nist_1270_1300_raw.csv
Mg II,Mg,2,1281.017,nan,1281.017,nan,1281.3674092098097,1281.3674092098097,1.0,nan,,109073.97,116878.13,2p6.6h,2H*,11/2,2p6.10i,2I,9/2 or 11/2 or 13/2,,,L6692,NIST ASD,m51_nist_1270_1300_raw.csv
C I,C,1,nan,nan,1281.131,0.004,nan,1281.4814401777264,nan,28000.0,D,80801.28887,88604.76,2s2.2p.4p,3D,2,2s2.2p.(2P*<3/2>).7d,2[5/2]*,2,,T5520LS,,NIST ASD,m51_nist_1270_1300_raw.csv
C I,C,1,nan,nan,1281.4,0.005,nan,1281.750513251221,nan,3300.0,D,80782.44916,88584.28,2s2.2p.4p,3D,1,2s2.2p.(2P*<3/2>).8s,2[3/2]*,2,,T5520LS,,NIST ASD,m51_nist_1270_1300_raw.csv
C I,C,1,nan,nan,1281.7,0.03,nan,1282.050594745953,nan,9000.0,D,81344.05485,89144.03,2s2.2p.4p,3P,2,2s2.2p.(2P*<3/2>).8d,2[5/2]*,3,,T5520LS,,NIST ASD,m51_nist_1270_1300_raw.csv
H I,H,1,nan,nan,1281.792576,8e-06,nan,1282.1431958941685,nan,2826300.0,AAA,97492.2112,105291.651993,3p,2P*,1/2,5d,2D,3/2,,T7771,,NIST ASD,m51_nist_1270_1300_raw.csv
H I,H,1,nan,nan,1281.794286,9e-06,nan,1282.144906358689,nan,1637700.0,AAA,97492.221701,105291.65209,3s,2S,1/2,5p,2P*,3/2,,T7771,,NIST ASD,m51_nist_1270_1300_raw.csv
H I,H,1,nan,nan,1281.796036,9e-06,nan,1282.1466568340757,nan,301570.0,AAA,97492.2112,nan,3p,2P*,1/2,5s,2S,1/2,,T7771,,NIST ASD,m51_nist_1270_1300_raw.csv
H I,H,1,nan,nan,1281.798135,9e-06,nan,1282.148756404268,nan,1637800.0,AAA,97492.221701,105291.62867,3s,2S,1/2,5p,2P*,1/2,,T7771,,NIST ASD,m51_nist_1270_1300_raw.csv
H I,H,1,1281.8072,0.0008,1281.807,0.001,1282.1578238667705,1282.1576238124405,32000.0,2200800.0,AAA,97492.304,105291.657,3,,,5,,,,T8637,L7421,NIST ASD,m51_nist_1270_1300_raw.csv
H I,H,1,nan,nan,1281.809075,7e-06,nan,1282.159699376113,nan,4239400.0,AAA,97492.319433,nan,3d,2D,3/2,5f,2F*,5/2,,T7771,,NIST ASD,m51_nist_1270_1300_raw.csv
H I,H,1,nan,nan,1281.809111,8e-06,nan,1282.1597353858926,nan,3391500.0,AAA,97492.319611,nan,3p,2P*,3/2,5d,2D,5/2,,T7771,,NIST ASD,m51_nist_1270_1300_raw.csv
H I,H,1,nan,nan,1281.810348,9e-06,nan,1282.1609727219231,nan,14954.0,AAA,97492.319433,105291.65209,3d,2D,3/2,5p,2P*,3/2,,T7771,,NIST ASD,m51_nist_1270_1300_raw.csv
H I,H,1,nan,nan,1281.810393,8e-06,nan,1282.1610177341472,nan,565250.0,AAA,97492.319611,105291.651993,3p,2P*,3/2,5d,2D,3/2,,T7771,,NIST ASD,m51_nist_1270_1300_raw.csv
H I,H,1,nan,nan,1281.813853,9e-06,nan,1282.1644786740546,nan,603200.0,AAA,97492.319611,nan,3p,2P*,3/2,5s,2S,1/2,,T7771,,NIST ASD,m51_nist_1270_1300_raw.csv
H I,H,1,nan,nan,1281.814197,9e-06,nan,1282.164822767502,nan,149560.0,AAA,97492.319433,105291.62867,3d,2D,3/2,5p,2P*,1/2,,T7771,,NIST ASD,m51_nist_1270_1300_raw.csv
H I,H,1,nan,nan,1281.814378,1e-05,nan,1282.1650038166706,nan,4542100.0,AAA,97492.355566,105291.6637,3d,2D,5/2,5f,2F*,7/2,,T7771,,NIST ASD,m51_nist_1270_1300_raw.csv
H I,H,1,nan,nan,1281.815013,7e-06,nan,1282.1656389891677,nan,302810.0,AAA,97492.355566,nan,3d,2D,5/2,5f,2F*,5/2,,T7771,,NIST ASD,m51_nist_1270_1300_raw.csv
H I,H,1,nan,nan,1281.816286,9e-06,nan,1282.166912334978,nan,134590.0,AAA,97492.355566,105291.65209,3d,2D,5/2,5p,2P*,3/2,,T7771,,NIST ASD,m51_nist_1270_1300_raw.csv
C I,C,1,nan,nan,1281.927,0.005,nan,1282.2776564103906,nan,2200.0,D,81344.05485,89142.68,2s2.2p.4p,3P,2,2s2.2p.(2P*<3/2>).8d,2[5/2]*,2,,T5520LS,,NIST ASD,m51_nist_1270_1300_raw.csv
Fe I,Fe,1,1281.9912,0.0013,1281.99242,0.00023,1282.3418738503028,1282.3430941817157,29.0,nan,,24335.766,32133.991,3d7.(2P).4s,c 3P,2,3d6.(5D).4s.4p.(3P*),z 3F*,2,,,L11631,NIST ASD,m51_nist_1270_1300_raw.csv
Fe I,Fe,1,1282.0635,0.0005,1282.0641,0.00023,1282.4141934905854,1282.4147936535753,9.0,nan,,41130.599,48928.388,3d6.(5D).4s.4p.(1P*),x 5F*,1,3d7.(4F).5s,e 3F,2,,,L11631,NIST ASD,m51_nist_1270_1300_raw.csv
Fe II,Fe,2,1282.2794,0.0002,1282.27968,0.00012,1282.6301521398293,1282.6304322158917,1.4,nan,,106361.238,114157.716,3d6.(5D).6p,6D*,9/2,3d6.(5D).6d,4G,11/2,,,L18349c139,NIST ASD,m51_nist_1270_1300_raw.csv
Fe II,Fe,2,1282.32641,0.00019,1282.32623,0.00016,1282.6771749101072,1282.6769948612102,9.0,6000.0,D,65696.053,73492.248,3d6.(3G).4p,x 4G*,9/2,3d5.4s2,4F,7/2,,T6892c83,L18349c139,NIST ASD,m51_nist_1270_1300_raw.csv
Al III,Al,3,nan,nan,1282.345,nan,nan,1282.6957699600864,nan,22600000.0,A+,170637.35,178433.43,2p6.5s,2S,1/2,2p6.5p,2P*,1/2,,c32,,NIST ASD,m51_nist_1270_1300_raw.csv
Fe I,Fe,1,1282.486,0.0005,1282.48596,0.00023,1282.8368082627942,1282.8367682519279,407.0,nan,,24338.767,32133.991,3d6.4s2,b 3G,3,3d6.(5D).4s.4p.(3P*),z 3F*,2,,,L11631,NIST ASD,m51_nist_1270_1300_raw.csv
Fe I,Fe,1,1282.6585,0.0005,1282.65774,0.00023,1283.0093551225305,1283.0085949160757,12.0,nan,,46889.142,54683.322,3d6.(3F2).4s.4p.(3P*),x 3F*,4,3d7.(4F).4d,f 3F,4,,,L11631,NIST ASD,m51_nist_1270_1300_raw.csv
Fe I,Fe,1,1284.0573,0.0005,1284.05742,0.00023,1284.4085351091016,1284.4086551417004,229.0,nan,,39969.853,47755.537,3d6.(5D).4s.4p.(1P*),x 5D*,3,3d7.(4F).5s,e 5F,3,,,L11631,NIST ASD,m51_nist_1270_1300_raw.csv
Fe II,Fe,2,1284.19205,0.00018,1284.19136,0.0001,1284.54332171434,1284.5426315268992,2.1,nan,,105155.093,112939.965,3d6.(3F2).4d,4G,9/2,3d6.(5D<4>).5f,2[5]*,9/2,,,L18349c139,NIST ASD,m51_nist_1270_1300_raw.csv
Cs II,Cs,2,1284.26406,0.00013,1284.26391,0.0002,1284.6153512760816,1284.6152012353336,4500.0,nan,,163189.3511,170973.7833,5p5.(2P*<1/2>).7s,2[1/2]*,1,5p5.(2P*<1/2>).4f,2[5/2],2,,,L12126,NIST ASD,m51_nist_1270_1300_raw.csv
Fe II,Fe,2,1284.2937,0.0003,1284.29397,0.00013,1284.6449993278827,1284.645269401229,1.2,nan,,105127.773,112912.023,3d6.(5D).5d,4D,5/2,3d6.(5D<4>).5f,2[3]*,7/2,,,L18349c139,NIST ASD,m51_nist_1270_1300_raw.csv
C I,C,1,nan,nan,1284.502,0.005,nan,1284.853355913282,nan,50000.0,D,80801.28887,88584.28,2s2.2p.4p,3D,2,2s2.2p.(2P*<3/2>).8s,2[3/2]*,2,,T5520LS,,NIST ASD,m51_nist_1270_1300_raw.csv
Fe II,Fe,2,1284.50327,8e-05,1284.5042,0.0001,1284.854626258282,1284.85555651092,10.0,nan,,107197.107,114980.083,3d6.(5D).6p,6P*,7/2,3d6.(5D).6d,6P,7/2,,,L18349c139,NIST ASD,m51_nist_1270_1300_raw.csv
Fe II,Fe,2,1284.5854,0.0004,1284.58656,8e-05,1284.9367785691923,1284.9379388843104,1.0,nan,,106863.62,114646.097,3d6.(5D).6p,4D*,7/2,3d6.(5D).6d,4G,7/2,,,L18349c139,NIST ASD,m51_nist_1270_1300_raw.csv
He I,He,1,1284.596,nan,1284.594414,7e-06,1284.947381448721,1284.9457950178785,nan,1517600.0,AAA,nan,nan,1s.3p,3P*,2,1s.5s,3S,1,,T8636c73,L885,NIST ASD,m51_nist_1270_1300_raw.csv
He I,He,1,1284.596,nan,1284.598043,7e-06,1284.947381448721,1284.9494250037094,nan,910570.0,AAA,nan,nan,1s.3p,3P*,1,1s.5s,3S,1,,T8636c73,L885,NIST ASD,m51_nist_1270_1300_raw.csv
He I,He,1,nan,nan,1284.642727,7e-06,nan,1284.994121142284,nan,303520.0,AAA,nan,nan,1s.3p,3P*,0,1s.5s,3S,1,,T8636c73,,NIST ASD,m51_nist_1270_1300_raw.csv
Si II,Si,2,nan,nan,1284.672,nan,nan,1285.0234020944051,nan,1620000.0,D,118522.86,126304.82,3s2.6d,2D,3/2,3s2.9f,2F*,5/2,,"T6527c4,LS",,NIST ASD,m51_nist_1270_1300_raw.csv
Si II,Si,2,nan,nan,1284.683,nan,nan,1285.0344050825968,nan,116000.0,E,118522.93,126304.82,3s2.6d,2D,5/2,3s2.9f,2F*,5/2,,"T6527c4,LS",,NIST ASD,m51_nist_1270_1300_raw.csv
Si II,Si,2,nan,nan,1284.683,nan,nan,1285.0344050825968,nan,1740000.0,D,118522.93,126304.82,3s2.6d,2D,5/2,3s2.9f,2F*,7/2,,"T6527c4,LS",,NIST ASD,m51_nist_1270_1300_raw.csv
Ar II,Ar,2,1284.7057,0.0002,1284.70579,7e-05,1285.0571112491386,1285.0572012735875,48.0,nan,,182951.2609,190733.0156,3s2.3p4.(3P).5s,4P,1/2,3s2.3p4.(3P).5p,4D*,1/2,,,L9974,NIST ASD,m51_nist_1270_1300_raw.csv
C I,C,1,nan,nan,1284.963,0.02,nan,1285.3144811457216,nan,5000.0,D,81311.0544,89091.25,2s2.2p.4p,3P,0,2s2.2p.(2P*<1/2>).8d,2[3/2]*,1,,T5520LS,,NIST ASD,m51_nist_1270_1300_raw.csv
Ne I,Ne,1,1285.3034,0.0004,1285.30376,0.00023,1285.654973616907,1285.6553337147027,5.0,73400.0,C+,162517.8755,170296.0099,2s2.2p5.(2P*<3/2>).4p,2[1/2],1,2s2.2p5.(2P*<1/2>).5d,2[3/2]*,1,,T6976,L9097,NIST ASD,m51_nist_1270_1300_raw.csv
C I,C,1,nan,nan,1285.628,0.021,nan,1285.9796617961124,nan,30000.0,D,80782.44916,88558.62,2s2.2p.4p,3D,1,2s2.2p.(2P*<1/2>).7d,2[3/2]*,1,,T5520LS,,NIST ASD,m51_nist_1270_1300_raw.csv
Mg II,Mg,2,nan,nan,1285.63,nan,nan,1285.981662339423,nan,130000.0,D+,109062.32,116838.48,2p6.6f,2F*,5/2,2p6.10d,2D,3/2,,"c59,LS",,NIST ASD,m51_nist_1270_1300_raw.csv
Mg II,Mg,2,nan,nan,1285.635,nan,nan,1285.986663697699,nan,6170.0,E,109062.32,116838.45,2p6.6f,2F*,5/2,2p6.10d,2D,5/2,,"c59,LS",,NIST ASD,m51_nist_1270_1300_raw.csv
Mg II,Mg,2,nan,nan,1285.64,nan,nan,1285.991665055975,nan,124000.0,D+,109062.35,116838.45,2p6.6f,2F*,7/2,2p6.10d,2D,5/2,,"c59,LS",,NIST ASD,m51_nist_1270_1300_raw.csv
Fe II,Fe,2,1286.20503,7e-05,1286.20488,0.00012,1286.5568485495717,1286.556698508823,6.0,nan,,103878.37,111651.055,3d6.(3H).4d,4I,15/2,3d5.(4G).4s.(5G).4p,4H*,13/2,,,L18349c139,NIST ASD,m51_nist_1270_1300_raw.csv
Fe II,Fe,2,1286.35659,8e-05,1286.35631,0.0001,1286.708449721784,1286.7081696457203,5.0,31000.0,E,102394.764,110166.534,3d6.(5D).6s,4D,7/2,3d6.(3F2).5p,4F*,9/2,,T6892c83,L18349c139,NIST ASD,m51_nist_1270_1300_raw.csv
S IV,S,4,nan,nan,nan,nan,nan,nan,nan,39700.0,D,285122.2,292893.9,3s2.5p,2P*,1/2,3s.3p.(3P*).4p,2P,3/2,,"T6527c4,LS",,NIST ASD,m51_nist_1270_1300_raw.csv
C I,C,1,nan,nan,1286.37,0.03,nan,1286.721863364695,nan,35000.0,D,80834.62491,88606.32,2s2.2p.4p,3D,3,2s2.2p.(2P*<3/2>).7d,2[5/2]*,3,,T5520LS,,NIST ASD,m51_nist_1270_1300_raw.csv
Ne I,Ne,1,1286.4091,0.0003,1286.4095,0.0003,1286.7609739864588,1286.761374095121,7.0,83000.0,C+,162517.8755,170289.3243,2s2.2p5.(2P*<3/2>).4p,2[1/2],1,2s2.2p5.(2P*<1/2>).5d,2[5/2]*,2,,T6976,L9097,NIST ASD,m51_nist_1270_1300_raw.csv
Fe II,Fe,2,1286.4167,0.0007,1286.41342,0.0001,1286.7685760510471,1286.7652951600144,1.4,nan,,99688.355,107459.78,3d6.(3F2).5s,f 4F,7/2,3d5.(2F1).4s.4p.(3P*),4G*,7/2,,,L18349c145,NIST ASD,m51_nist_1270_1300_raw.csv
Ne I,Ne,1,1286.473,0.0002,1286.47284,0.00023,1286.8248913453044,1286.8247313018394,11.0,141000.0,C+,162517.8755,170288.9415,2s2.2p5.(2P*<3/2>).4p,2[1/2],1,2s2.2p5.(2P*<1/2>).5d,2[3/2]*,2,,T6976,L9097,NIST ASD,m51_nist_1270_1300_raw.csv
Ne II,Ne,2,1286.50551,0.00013,1286.50552,0.00013,1286.8574101768575,1286.8574201795739,115.0,nan,,246394.1202,254164.9888,2s2.2p4.(1D).3s,2D,5/2,2s2.2p4.(3P).3p,2P*,3/2,,,L11301,NIST ASD,m51_nist_1270_1300_raw.csv
Fe I,Fe,1,1286.50578,0.00017,nan,nan,1286.8576802502048,nan,580.0,nan,,nan,nan,,,,,,,,,L11631,NIST ASD,m51_nist_1270_1300_raw.csv
Fe II,Fe,2,1286.56061,8e-05,1286.56042,0.00012,1286.9125251451344,1286.9123350935195,5.0,nan,,103874.261,111644.798,3d6.(3H).4d,4H,9/2,3d5.(2H).4s.4p.(3P*),4I*,9/2,,,L18349c139,NIST ASD,m51_nist_1270_1300_raw.csv
Na I,Na,1,nan,nan,1286.5906,0.0005,nan,1286.9425232921167,nan,2780.0,C',33200.673,nan,2p6.5s,2S,1/2,2p6.16p,2P*,3/2,,T817,,NIST ASD,m51_nist_1270_1300_raw.csv
Na I,Na,1,nan,nan,1286.5992,0.0005,nan,1286.951125628364,nan,2780.0,C',33200.673,nan,2p6.5s,2S,1/2,2p6.16p,2P*,1/2,,T817,,NIST ASD,m51_nist_1270_1300_raw.csv
C I,C,1,nan,nan,1286.627,0.004,nan,1286.9789331804197,nan,6000.0,D,80834.62491,88604.76,2s2.2p.4p,3D,3,2s2.2p.(2P*<3/2>).7d,2[5/2]*,2,,T5520LS,,NIST ASD,m51_nist_1270_1300_raw.csv
Fe II,Fe,2,1286.8438,0.0003,1286.8451,0.00013,1287.195792075629,1287.1970924287832,0.8,nan,,100749.825,108518.643,3d6.(3F2).5s,e 2F,5/2,3d5.(2F1).4s.4p.(3P*),4F*,7/2,,,L18349c139,NIST ASD,m51_nist_1270_1300_raw.csv
Co II,Co,2,1286.8887,0.0014,1286.8921,0.0005,1287.240704273031,1287.2441051966653,4.0,41000.0,D,90199.163,97967.697,3d7.(4F).4d,f 5F,4,3d7.(4F).5p,3F*,3,,T6999,L9429c118,NIST ASD,m51_nist_1270_1300_raw.csv
Ne II,Ne,2,1287.0625,0.0009,1287.06216,0.0002,1287.4145514870568,1287.4142113946932,12.0,nan,,246397.481,254164.9888,2s2.2p4.(1D).3s,2D,3/2,2s2.2p4.(3P).3p,2P*,3/2,,,L11301,NIST ASD,m51_nist_1270_1300_raw.csv
C I,C,1,nan,nan,1287.205,0.003,nan,1287.5570901982449,nan,80000.0,D,80782.44916,88549.095,2s2.2p.4p,3D,1,2s2.2p.(2P*<1/2>).8s,2[1/2]*,1,,T5520LS,,NIST ASD,m51_nist_1270_1300_raw.csv
N I,N,1,nan,nan,1287.331,nan,nan,1287.6831244271102,nan,238000.0,D+,103735.48,111501.368,2s2.2p2.(3P).4s,4P,5/2,2s2.2p2.(3P).5p,4S*,3/2,,"u18,LS",,NIST ASD,m51_nist_1270_1300_raw.csv
Cs II,Cs,2,1287.39651,0.00015,1287.39656,0.00021,1287.7486522234128,1287.7487022369955,4800.0,nan,,158057.4164,165822.9066,5p5.(2P*<3/2>).7p,2[1/2],0,5p5.(2P*<3/2>).7d,2[1/2]*,1,,,L12126,NIST ASD,m51_nist_1270_1300_raw.csv
C I,C,1,nan,nan,1287.405,0.02,nan,1287.7571445297879,nan,3600.0,D,81325.81077,89091.25,2s2.2p.4p,3P,1,2s2.2p.(2P*<1/2>).8d,2[3/2]*,1,,T5520LS,,NIST ASD,m51_nist_1270_1300_raw.csv
Fe II,Fe,2,1287.67509,0.00017,1287.67484,0.00012,1288.0273079019144,1288.0270578339998,1.5,nan,,103832.057,111595.869,3d6.(3H).4d,4K,13/2,3d6.(3H).5p,4H*,11/2,,,L18349c139,NIST ASD,m51_nist_1270_1300_raw.csv
Fe II,Fe,2,1287.84327,8e-05,1287.84321,8e-05,1288.1955335894224,1288.1954735731229,15.0,720000.0,C+,83812.352,91575.149,3d6.(5D).4d,6D,5/2,3d6.(5D).5p,w 6P*,5/2,,T6892c83,L18349c139,NIST ASD,m51_nist_1270_1300_raw.csv
Fe II,Fe,2,1287.9377,0.0004,1287.93745,0.00012,1288.2899892421424,1288.2897391742276,1.0,nan,,107217.854,114980.083,3d6.(5D).6p,6F*,9/2,3d6.(5D).6d,6P,7/2,,,L18349c148,NIST ASD,m51_nist_1270_1300_raw.csv
Fe I,Fe,1,1287.9769,0.0005,1287.97661,0.00023,1288.3291998911627,1288.3289098123817,910.0,2000.0,C+,18378.186,26140.179,3d6.4s2,a 3P2,2,3d6.(5D).4s.4p.(3P*),z 5D*,3,,T5720,L11631,NIST ASD,m51_nist_1270_1300_raw.csv
C I,C,1,nan,nan,1288.051,0.013,nan,1288.4033200210772,nan,100000.0,D,80834.62491,nan,2s2.2p.4p,3D,3,2s2.2p.(2P*<3/2>).7d,2[7/2]*,4,,T5520LS,,NIST ASD,m51_nist_1270_1300_raw.csv
C I,C,1,nan,nan,1288.086,0.005,nan,1288.438329529137,nan,330000.0,D,80782.44916,88543.78,2s2.2p.4p,3D,1,2s2.2p.(2P*<1/2>).8s,2[1/2]*,0,,T5520LS,,NIST ASD,m51_nist_1270_1300_raw.csv
C I,C,1,nan,nan,1288.1,0.3,nan,1288.4523333323614,nan,80000.0,D,80782.44916,88543.5,2s2.2p.4p,3D,1,2s2.2p.(2P*<1/2>).7d,2[3/2]*,2,,T5520LS,,NIST ASD,m51_nist_1270_1300_raw.csv
Fe I,Fe,1,1288.4637,0.0005,1288.46347,0.00023,1288.8161321347995,1288.8159020723178,15.0,nan,,46720.842,54479.902,3d7.(4P).4p,u 5D*,4,3d6.4s.(6D).6s,5D,4,,,L11631,NIST ASD,m51_nist_1270_1300_raw.csv
Ne I,Ne,1,1288.7163,0.00017,1288.71593,0.00023,1289.06880075602,1289.0684306555056,14.0,nan,,151038.4524,158795.9924,2s2.2p5.(2P*<1/2>).3p,2[1/2],1,2s2.2p5.(2P*<3/2>).4s,2[3/2]*,1,,,L9097,NIST ASD,m51_nist_1270_1300_raw.csv
C I,C,1,nan,nan,1288.751,0.022,nan,1289.103510182616,nan,10000.0,D,80801.28887,88558.62,2s2.2p.4p,3D,2,2s2.2p.(2P*<1/2>).7d,2[3/2]*,1,,T5520LS,,NIST ASD,m51_nist_1270_1300_raw.csv
Fe I,Fe,1,1289.0693,0.0005,1289.06971,0.00023,1289.4218966520245,1289.422306763405,5.0,nan,,44458.934,52214.345,3d6.(3P2).4s.4p.(3P*),w 5D*,0,3d6.(5D).4s (4D).5s,g 5D,1,,,L11631,NIST ASD,m51_nist_1270_1300_raw.csv
N II,N,2,nan,nan,1289.116,nan,nan,1289.4686093385633,nan,21100000.0,B,202170.63,209925.76,2s2.2p.4p,1P,1,2s2.2p.4d,1D*,2,,T5520,,NIST ASD,m51_nist_1270_1300_raw.csv
Fe II,Fe,2,1289.57708,0.00015,1289.57737,0.00012,1289.9298145958974,1289.9301046746791,1.7,nan,,103983.496,111735.854,3d6.(3G).5s,e 2G,7/2,3d6.(3H).5p,4H*,7/2,,,L18349c139,NIST ASD,m51_nist_1270_1300_raw.csv
Fe II,Fe,2,1289.61175,6e-05,1289.6148,0.00017,1289.964494014388,1289.9675448429543,nan,nan,,84266.594,92018.727,3d6.(5D).4d,6P,7/2,3d5.(4D).4s.4p.(3P*),6F*,5/2,,,L18349c148,NIST ASD,m51_nist_1270_1300_raw.csv
Fe I,Fe,1,1289.6119,0.0005,1289.6118,0.00023,1289.9646440551371,1289.9645440279708,269.0,nan,,39625.804,47377.955,3d6.(5D).4s.4p.(1P*),x 5D*,4,3d7.(4F).5s,e 5F,4,,,L11631,NIST ASD,m51_nist_1270_1300_raw.csv
C I,C,1,1289.7217,0.0008,1289.7204,0.0004,1290.0744738835385,1290.0731735303787,8300.0,1400000.0,D,78731.2956,86482.794,2s2.2p.3d,1P*,1,2s2.2p.(2P*<3/2>).5f,2[5/2],2,,T9787,L12175c183,NIST ASD,m51_nist_1270_1300_raw.csv
Fe I,Fe,1,1289.7222,0.0005,1289.7229,0.0004,1290.074974019369,1290.0756742095318,13.0,nan,,42859.778,50611.261,3d6.(3P2).4s.4p.(3P*),x 5P*,2,3d6.(5D).4s (6D).4d,e 7P,3,,,L11631,NIST ASD,m51_nist_1270_1300_raw.csv
N I,N,1,nan,nan,1289.7334,nan,nan,1290.0861770619756,nan,3230000.0,C+,96864.05,104615.47,2s2.2p2.(3P).3p,2D*,5/2,2s2.2p2.(3P).3d,2P,3/2,,T7370,,NIST ASD,m51_nist_1270_1300_raw.csv
Fe II,Fe,2,nan,nan,1289.745,0.0003,nan,1290.0977802132468,nan,0.0194,C+,22637.195,30388.5451,3d6.(3F2).4s,b 4F,9/2,3d6.(3G).4s,b 2G,9/2,M1,T8961,,NIST ASD,m51_nist_1270_1300_raw.csv
Fe II,Fe,2,1289.8346,0.0003,1289.83476,0.00018,1290.1874045541076,1290.1875645975736,1.4,nan,,104593.292,112344.103,3d6.(5D).5d,6G,11/2,3d5.(4F).4s.4p.(3P*),4G*,11/2,,,L18349c139,NIST ASD,m51_nist_1270_1300_raw.csv
Fe II,Fe,2,1289.9569,0.00013,1289.95692,0.00012,1290.3097377783156,1290.3097577837489,2.4,nan,,102394.764,110144.841,3d6.(5D).6s,4D,7/2,3d6.(3F2).5p,4F*,7/2,,,L18349c139,NIST ASD,m51_nist_1270_1300_raw.csv
C I,C,1,nan,nan,1290.027,0.005,nan,1290.3798568218003,nan,270000.0,D,80834.62491,88584.28,2s2.2p.4p,3D,3,2s2.2p.(2P*<3/2>).8s,2[3/2]*,2,,T5520LS,,NIST ASD,m51_nist_1270_1300_raw.csv
Fe II,Fe,2,1290.05021,0.00015,1290.0503,0.00013,1290.40307312707,1290.4031631515195,1.7,nan,,103986.338,111735.854,3d6.(3H).4d,4H,7/2,3d6.(3H).5p,4H*,7/2,,,L18349c139,NIST ASD,m51_nist_1270_1300_raw.csv
Cs II,Cs,2,1290.1091,0.0005,1290.0965,0.0003,1290.4619791252346,1290.4493757022954,nan,nan,,166806.1612,174555.3995,5p5.(2P*<3/2>).5f,2[9/2],4,5p5.(2P*<3/2>).6g,2[9/2]*,5,,,L12126,NIST ASD,m51_nist_1270_1300_raw.csv
Cs II,Cs,2,1290.1091,0.0005,1290.1146,0.0005,1290.4619791252346,1290.467480619375,nan,nan,,166806.1612,174555.2911,5p5.(2P*<3/2>).5f,2[9/2],4,5p5.(2P*<3/2>).6g,2[9/2]*,4,,,L12126,NIST ASD,m51_nist_1270_1300_raw.csv
S I,S,1,nan,nan,1290.1499,0.0013,nan,1290.5027902090396,nan,156000.0,E,70164.61,77913.528,3s2.3p3.(4S*).3d,3D*,1,3s2.3p3.(4S*).6p,3P,1,,"T8595,T7952",,NIST ASD,m51_nist_1270_1300_raw.csv
Si III,Si,3,nan,nan,1290.163,nan,nan,1290.5158937678113,nan,25100000.0,B,227665.09,235413.93,3s.5d,1D,2,3p.3d,1F*,3,,T6298c4,,NIST ASD,m51_nist_1270_1300_raw.csv
C I,C,1,nan,nan,1290.335,0.003,nan,1290.6879404936878,nan,250000.0,D,80801.28887,88549.095,2s2.2p.4p,3D,2,2s2.2p.(2P*<1/2>).8s,2[1/2]*,1,,T5520LS,,NIST ASD,m51_nist_1270_1300_raw.csv
S I,S,1,nan,nan,1290.4067,0.0013,nan,1290.7596599718715,nan,563000.0,D,70166.1526,77913.528,3s2.3p3.(4S*).3d,3D*,2,3s2.3p3.(4S*).6p,3P,1,,"T8595,T7952",,NIST ASD,m51_nist_1270_1300_raw.csv
C I,C,1,nan,nan,1290.437,0.02,nan,1290.7899682032396,nan,240.0,D,81344.05485,89091.25,2s2.2p.4p,3P,2,2s2.2p.(2P*<1/2>).8d,2[3/2]*,1,,T5520LS,,NIST ASD,m51_nist_1270_1300_raw.csv
Na I,Na,1,nan,nan,1290.794,0.003,nan,1291.1470651867928,nan,297000.0,B+,30266.99,38012.042,2p6.4p,2P*,1/2,2p6.7s,2S,1/2,,c30,,NIST ASD,m51_nist_1270_1300_raw.csv
C I,C,1,nan,nan,1291.01,0.03,nan,1291.3631238660084,nan,90000.0,D,80801.28887,88545.02,2s2.2p.4p,3D,2,2s2.2p.(2P*<1/2>).7d,2[5/2]*,3,,T5520LS,,NIST ASD,m51_nist_1270_1300_raw.csv
Ne I,Ne,1,1291.20141,0.00014,1291.20141,0.00024,1291.5545858650873,1291.5545858650873,8400.0,1320000.0,C+,150858.5079,158601.1152,2s2.2p5.(2P*<1/2>).3p,2[3/2],2,2s2.2p5.(2P*<3/2>).4s,2[3/2]*,2,,T6976,L9097,NIST ASD,m51_nist_1270_1300_raw.csv
C I,C,1,nan,nan,1291.3,0.3,nan,1291.6532026483967,nan,15000.0,D,80801.28887,88543.5,2s2.2p.4p,3D,2,2s2.2p.(2P*<1/2>).7d,2[3/2]*,2,,T5520LS,,NIST ASD,m51_nist_1270_1300_raw.csv
Fe I,Fe,1,1291.32089,0.00017,nan,nan,1291.67409832345,nan,123.0,nan,,nan,nan,,,,,,,,,L11631,NIST ASD,m51_nist_1270_1300_raw.csv
Fe II,Fe,2,1291.63181,6e-05,1291.62718,0.00012,1291.9851027891839,1291.980471531379,90.0,20000.0,D,83459.721,91199.776,3d6.(5D).4d,e 6F,3/2,3d6.(5D).5p,4D*,1/2,,T6892c83,L18349c145,NIST ASD,m51_nist_1270_1300_raw.csv
Fe I,Fe,1,1291.63182,0.00017,nan,nan,1291.9851127919003,nan,630.0,nan,,nan,nan,,,,,,,,,L11631,NIST ASD,m51_nist_1270_1300_raw.csv
Na I,Na,1,nan,nan,1291.726,0.003,nan,1292.079318377233,nan,592000.0,B+,30272.58,38012.042,2p6.4p,2P*,3/2,2p6.7s,2S,1/2,,c30,,NIST ASD,m51_nist_1270_1300_raw.csv
S I,S,1,nan,nan,1292.0418,0.0018,nan,1292.3952041688754,nan,836000.0,E,70164.61,77902.181,3s2.3p3.(4S*).3d,3D*,1,3s2.3p3.(4S*).6p,3P,0,,"T8595,T7952",,NIST ASD,m51_nist_1270_1300_raw.csv
Ni II,Ni,2,nan,nan,1292.414,nan,nan,1292.767505282583,nan,3.7e-05,E,24788.2,32523.54,3p6.3d8.(3P).4s,4P,3/2,3p6.3d8.(1G).4s,2G,7/2,E2,T4240,,NIST ASD,m51_nist_1270_1300_raw.csv
Fe II,Fe,2,1292.5772,0.0005,1292.5772,0.0004,1292.9307496183724,1292.9307496183724,1.0,nan,,96239.416,103973.782,3d5.(4G).4s.4p.(3P*),2H*,9/2,3d6.(3H).4d,4K,11/2,,,L18349c139,NIST ASD,m51_nist_1270_1300_raw.csv
He I,He,1,nan,nan,1292.789294,7e-06,nan,1293.1429012370274,nan,1.423,AA,nan,nan,1s.3p,1P*,1,1s.5p,1P*,1,E2,T7378,,NIST ASD,m51_nist_1270_1300_raw.csv
Fe I,Fe,1,1293.3005,0.0005,1293.30061,0.00024,1293.6542461144104,1293.6543561442936,110.0,nan,,40491.284,48221.324,3d6.(5D).4s.4p.(1P*),x 5D*,0,3d7.(4F).5s,e 5F,1,,,L11631,NIST ASD,m51_nist_1270_1300_raw.csv
Si III,Si,3,nan,nan,1293.302,nan,nan,1293.6557465219103,nan,5950000.0,C+,234415.07,242145.1,3s.6p,3P*,0,3s.7s,3S,1,,"T6298c4,LS",,NIST ASD,m51_nist_1270_1300_raw.csv
Ar I,Ar,1,1293.3195,nan,1293.3196,nan,1293.6732512760752,1293.673351303242,50.0,10000000.0,D,107131.7086,114861.635,3s2.3p5.(2P*<1/2>).4p,2[3/2],1,3s2.3p5.(2P*<1/2>).5s,2[1/2]*,0,,T1618n,L2634,NIST ASD,m51_nist_1270_1300_raw.csv
Fe I,Fe,1,1293.4667,0.0005,1293.4666,0.00024,1293.8204912654126,1293.8203912382455,204.0,nan,,43499.505,51228.553,3d6.(3P2).4s.4p.(3P*),w 5D*,4,3d6.(5D).4s (6D).4d,e 7G,5,,,L11631,NIST ASD,m51_nist_1270_1300_raw.csv
Fe II,Fe,2,1293.4956,0.0008,1293.49372,0.0001,1293.8493991165835,1293.84751860585,0.4,nan,,105211.079,112939.965,3d6.(5D).5d,4G,9/2,3d6.(5D<4>).5f,2[5]*,9/2,,,L18349c139,NIST ASD,m51_nist_1270_1300_raw.csv
Cs II,Cs,2,1293.7934,0.0007,1293.7935,0.0009,1294.1472800190345,1294.147380046201,600.0,nan,,172914.6297,180641.725,5p5.(2P*<3/2>).8d,2[7/2]*,4,5p5.(2P*<3/2>).9f,2[9/2],5,,,L12126,NIST ASD,m51_nist_1270_1300_raw.csv
Fe II,Fe,2,1293.96154,0.00016,1293.96115,0.00012,1294.3154656971915,1294.315075591241,2.4,nan,,107283.77,115009.864,3d6.(5D).6p,6D*,1/2,3d6.(5D).6d,6P,3/2,,,L18349c139,NIST ASD,m51_nist_1270_1300_raw.csv
S I,S,1,nan,nan,1293.9923,0.001,nan,1294.3462340536853,nan,11900.0,E',70164.61,77890.518,3s2.3p3.(4S*).3d,3D*,1,3s2.3p3.(4S*).6p,3P,2,,"T8595,T7952",,NIST ASD,m51_nist_1270_1300_raw.csv
S I,S,1,nan,nan,1294.2507,0.0009,nan,1294.604704252634,nan,156000.0,E,70166.1526,77890.518,3s2.3p3.(4S*).3d,3D*,2,3s2.3p3.(4S*).6p,3P,2,,"T8595,T7952",,NIST ASD,m51_nist_1270_1300_raw.csv
Fe II,Fe,2,1294.2663,nan,1294.26629,0.0001,1294.6203084906542,1294.6202984879376,nan,0.00213,B,667.6829,8391.9554,3d6.(5D).4s,a 6D,5/2,3d6.(5D).4s,a 4D,5/2,M1,T9588c101,L22760,NIST ASD,m51_nist_1270_1300_raw.csv
Fe II,Fe,2,1294.4529,0.0002,1294.45256,0.00017,1294.806959183923,1294.8066190915558,1.1,nan,,103921.637,111644.798,3d6.(3H).4d,4G,7/2,3d5.(2H).4s.4p.(3P*),4I*,9/2,,,L18349c139,NIST ASD,m51_nist_1270_1300_raw.csv
Fe I,Fe,1,1294.654,0.0005,1294.65321,0.00024,1295.008113816436,1295.007323601818,19.0,nan,,26224.969,33946.933,3d7.(2D2).4s,a 3D,3,3d6.(5D).4s.4p.(3P*),z 3P*,2,,,L11631,NIST ASD,m51_nist_1270_1300_raw.csv
C I,C,1,1294.987,0.006,1294.9826,0.0008,1295.3412042821399,1295.336803086796,2100.0,110000.0,B,77679.83311,85399.833,2s2.2p.3d,1D*,2,2s2.2p.5p,1D,2,,T5520,L9405c186,NIST ASD,m51_nist_1270_1300_raw.csv
Si III,Si,3,nan,nan,1295.536,nan,nan,1295.8903534286528,nan,17800000.0,B,234428.4,242145.1,3s.6p,3P*,1,3s.7s,3S,1,,"T6298c4,LS",,NIST ASD,m51_nist_1270_1300_raw.csv
S I,S,1,nan,nan,1295.5557,0.0009,nan,1295.9100587805485,nan,650000.0,D,70173.9334,77890.518,3s2.3p3.(4S*).3d,3D*,3,3s2.3p3.(4S*).6p,3P,2,,"T8595,T7952",,NIST ASD,m51_nist_1270_1300_raw.csv
Ar I,Ar,1,1295.6659,nan,1295.6658,nan,1296.020288718575,1296.0201886914078,500.0,7400000.0,D,104102.099,111818.028,3s2.3p5.(2P*<3/2>).4p,2[1/2],1,3s2.3p5.(2P*<3/2>).3d,2[1/2]*,1,,T1618n,L2634,NIST ASD,m51_nist_1270_1300_raw.csv
Cs II,Cs,2,1295.6746,0.0008,1295.6749,0.0003,1296.0289910821043,1296.0292911636052,280.0,nan,,169185.5968,176901.4718,5p5.(2P*<3/2>).5g,2[9/2]*,5,5p5.(2P*<3/2>).7f,2[7/2],4,,,L12126,NIST ASD,m51_nist_1270_1300_raw.csv
Fe I,Fe,1,1295.84932,0.00017,nan,nan,1296.203758548313,nan,251.0,nan,,nan,nan,,,,,,,,,L11631,NIST ASD,m51_nist_1270_1300_raw.csv
Si II,Si,2,nan,nan,1296.19,nan,nan,1296.5445311010283,nan,944000.0,C,124449.5,132162.29,3s.3p.(3P*).3d,4D*,7/2,3s.3p.(3P*).4p,4D,7/2,,"T6527c4,LS",,NIST ASD,m51_nist_1270_1300_raw.csv
Fe I,Fe,1,1296.2225,0.0005,1296.2234,0.0004,1296.5770399303294,1296.577940174833,16.0,nan,,45833.223,53545.833,3d6.(3F2).4s.4p.(3P*),x 5G*,4,3d7.(4F).4d,h 5D,3,,,L11631,NIST ASD,m51_nist_1270_1300_raw.csv
Fe II,Fe,2,1296.34877,9e-05,1296.34929,0.00012,1296.7033442342156,1296.7038643754845,14.0,890000.0,C+,84131.624,91843.485,3d6.(5D).4d,6D,1/2,3d6.(5D).5p,w 6P*,3/2,,T6892c83,L18349c139,NIST ASD,m51_nist_1270_1300_raw.csv
Fe I,Fe,1,1296.4422,0.0005,1296.4423,0.0009,1296.7967996164436,1296.796899643611,14.0,nan,,50185.743,57897.051,3d6.(5D).4s (6D).5p,n 7P*,4,3d6.(5D).4s (6D).7s,7D,5,,,L11631,NIST ASD,m51_nist_1270_1300_raw.csv
O II,O,2,nan,nan,1296.502,nan,nan,1296.8566158623805,nan,6560000.0,D,248186.64,255897.59,2s2.2p2.(3P).4p,2D*,5/2,2s2.2p2.(3P).4d,2D,5/2,,T5723LS,,NIST ASD,m51_nist_1270_1300_raw.csv
C I,C,1,nan,nan,1296.6,0.03,nan,1296.9546424861678,nan,11000.0,D,80834.62491,88545.02,2s2.2p.4p,3D,3,2s2.2p.(2P*<1/2>).7d,2[5/2]*,3,,T5520LS,,NIST ASD,m51_nist_1270_1300_raw.csv
Cs II,Cs,2,1296.6721,0.0002,1296.67234,0.00017,1297.0267620736777,1297.0270021388787,160.0,nan,,168565.0066,176274.9463,5p5.(2P*<3/2>).8p,2[1/2],0,5p5.(2P*<3/2>).10s,2[3/2]*,1,,,L12126,NIST ASD,m51_nist_1270_1300_raw.csv
He I,He,1,1296.845,nan,1296.843019,7e-06,1297.1997090456973,1297.1977275075155,10.0,3361500.0,AAA,nan,nan,1s.3p,1P*,1,1s.5d,1D,2,,T8636c73,L885,NIST ASD,m51_nist_1270_1300_raw.csv
C I,C,1,nan,nan,1296.9,0.3,nan,1297.2547239876449,nan,420.0,D,80834.62491,88543.5,2s2.2p.4p,3D,3,2s2.2p.(2P*<1/2>).7d,2[3/2]*,2,,T5520LS,,NIST ASD,m51_nist_1270_1300_raw.csv
N I,N,1,nan,nan,1296.9581,nan,nan,1297.312839771779,nan,854000.0,D+,104144.82,111853.061,2s2.2p2.(3P).4s,2P,1/2,2s2.2p2.(3P).5p,2D*,3/2,,"u18,LS",,NIST ASD,m51_nist_1270_1300_raw.csv
He I,He,1,nan,nan,1297.034484,7e-06,nan,1297.389244523169,nan,330.3,AA,nan,nan,1s.3p,1P*,1,1s.5d,3D,2,,T8636c73,,NIST ASD,m51_nist_1270_1300_raw.csv
S I,S,1,nan,nan,1297.047,0.017,nan,1297.401763923416,nan,527000.0,D,73920.945,81628.66,3s2.3p3.(4S*).5p,5P,3,3s2.3p3.(4S*).8d,5D*,4,,"T8595,T7952",,NIST ASD,m51_nist_1270_1300_raw.csv
C I,C,1,1297.054,0.006,1297.05555,7e-05,1297.40876582512,1297.4103162462118,nan,15000.0,C,61981.83211,69689.49393,2s2.2p.3s,1P*,1,2s2.2p.3p,3D,1,,"T6070,u24",L9405c186,NIST ASD,m51_nist_1270_1300_raw.csv
Ar II,Ar,2,1297.45898,0.00012,1297.45918,0.0001,1297.813855846978,1297.8140559013123,25.0,nan,,191974.58,199679.844,3s2.3p4.(1S).4p,2P*,3/2,3s2.3p4.(1D).4d,2D,5/2,,,L11520,NIST ASD,m51_nist_1270_1300_raw.csv
N I,N,1,nan,nan,1297.6156,nan,nan,1297.970518396361,nan,35700.0,C,104615.47,112319.805,2s2.2p2.(3P).3d,2P,3/2,2s2.2p2.(1D).3p,2P*,3/2,,T5714,,NIST ASD,m51_nist_1270_1300_raw.csv
Fe II,Fe,2,1297.63399,8e-05,1297.63433,0.0001,1297.9889133924248,1297.9892534847934,6.0,nan,,102802.353,110506.577,3d6.(5D).6s,4D,5/2,3d6.(3P2).5p,4D*,5/2,,,L18349c139,NIST ASD,m51_nist_1270_1300_raw.csv
Fe I,Fe,1,1297.7356,0.0013,1297.73506,0.00024,1298.0905509971128,1298.0900108504093,8.0,nan,,40257.314,47960.94,3d6.(5D).4s.4p.(1P*),x 5F*,5,3d7.(4F).5s,e 3F,4,,,L11631,NIST ASD,m51_nist_1270_1300_raw.csv
Fe II,Fe,2,1297.7696,nan,1297.76963,0.00012,1298.1245602339964,1298.1245902421465,nan,0.00115,C+,977.0498,8680.4706,3d6.(5D).4s,a 6D,1/2,3d6.(5D).4s,a 4D,3/2,M1,T9588c104,L22760,NIST ASD,m51_nist_1270_1300_raw.csv
Si III,Si,3,nan,nan,1297.854,nan,nan,1298.2089831632084,nan,29500000.0,B,234442.18,242145.1,3s.6p,3P*,2,3s.7s,3S,1,,"T6298c4,LS",,NIST ASD,m51_nist_1270_1300_raw.csv
Ne I,Ne,1,1298.00736,0.00015,1298.00741,0.00024,1298.3623848270256,1298.3624348406092,25.0,nan,,162830.7073,170532.7169,2s2.2p5.(2P*<3/2>).4p,2[5/2],3,2s2.2p5.(2P*<3/2>).7s,2[3/2]*,2,,,L9097,NIST ASD,m51_nist_1270_1300_raw.csv
S IV,S,4,nan,nan,nan,nan,nan,nan,nan,17.0,D,255395.8,263097.1,3s2.4d,2D,3/2,3s.3p.(3P*).4s,4P*,1/2,,u29,,NIST ASD,m51_nist_1270_1300_raw.csv
Na I,Na,1,nan,nan,1298.2936,0.0005,nan,1298.6487025908827,nan,3480.0,C',33200.673,nan,2p6.5s,2S,1/2,2p6.15p,2P*,3/2,,T817,,NIST ASD,m51_nist_1270_1300_raw.csv
Na I,Na,1,nan,nan,1298.3042,0.0005,nan,1298.6593054706254,nan,3480.0,C',33200.673,nan,2p6.5s,2S,1/2,2p6.15p,2P*,1/2,,T817,,NIST ASD,m51_nist_1270_1300_raw.csv
He I,He,1,1298.489,nan,1298.485355,7e-06,1298.844155675976,1298.8405096857239,nan,272940.0,AAA,nan,nan,1s.3d,3D,1,1s.5p,3P*,0,,T8636c73,L885,NIST ASD,m51_nist_1270_1300_raw.csv
He I,He,1,1298.489,nan,1298.487252,7e-06,1298.844155675976,1298.8424072010894,nan,204660.0,AAA,nan,nan,1s.3d,3D,2,1s.5p,3P*,1,,T8636c73,L885,NIST ASD,m51_nist_1270_1300_raw.csv
He I,He,1,1298.489,nan,1298.487591,7e-06,1298.844155675976,1298.842746293187,nan,229270.0,AAA,nan,nan,1s.3d,3D,3,1s.5p,3P*,2,,T8636c73,L885,NIST ASD,m51_nist_1270_1300_raw.csv
He I,He,1,1298.489,nan,1298.488015,7e-06,1298.844155675976,1298.8431704083769,nan,40931.0,AAA,nan,nan,1s.3d,3D,2,1s.5p,3P*,2,,T8636c73,L885,NIST ASD,m51_nist_1270_1300_raw.csv
He I,He,1,1298.489,nan,1298.494706,7e-06,1298.844155675976,1298.8498632261485,nan,68235.0,AAA,nan,nan,1s.3d,3D,1,1s.5p,3P*,1,,T8636c73,L885,NIST ASD,m51_nist_1270_1300_raw.csv
He I,He,1,1298.489,nan,1298.495469,7e-06,1298.844155675976,1298.8506264334355,nan,2729.4,AAA,nan,nan,1s.3d,3D,1,1s.5p,3P*,2,,T8636c73,L885,NIST ASD,m51_nist_1270_1300_raw.csv
Fe II,Fe,2,1298.5804,0.0003,1298.58144,0.00017,1298.9355805069956,1298.9366207895368,7.0,nan,,57411.086,65109.691,3d5.4s2,d 4P,5/2,3d6.(3F2).4p,y 2G*,7/2,,,L18349c139,NIST ASD,m51_nist_1270_1300_raw.csv
Fe II,Fe,2,nan,nan,1299.0263,0.0004,nan,1299.3816016466835,nan,0.00513,C,25805.327,33501.2957,3d6.(3G).4s,a 4G,9/2,3d6.(1G2).4s,c 2G,7/2,M1,T8961,,NIST ASD,m51_nist_1270_1300_raw.csv
O I,O,1,1299.077,nan,nan,nan,1299.4323154206022,nan,120.0,nan,,116631.094,124326.779,2s2.2p3.(2D*).3p,1D,2,2s2.2p3.(2D*<3/2>).3d,1F*,3,,,L3760,NIST ASD,m51_nist_1270_1300_raw.csv
O III,O,3,nan,nan,1299.14,nan,nan,1299.4953325361278,nan,18000000.0,C+,394197.9,401893.2,2s.2p2.(2D).3s,3D,3,2s2.2p.(2P*).5d,3F*,4,,T5376LS,,NIST ASD,m51_nist_1270_1300_raw.csv
Fe II,Fe,2,1299.5005,0.0003,1299.5002,0.00019,1299.8559304750772,1299.8556303935743,1.2,nan,,104042.692,111735.854,3d6.(3H).4d,4G,5/2,3d6.(3H).5p,4H*,7/2,,,L18349c139,NIST ASD,m51_nist_1270_1300_raw.csv
Fe I,Fe,1,1299.5667,0.0005,1299.56676,0.00024,1299.9221484600032,1299.9222084763035,7.0,nan,,43499.505,51192.273,3d6.(3P2).4s.4p.(3P*),w 5D*,4,3d6.(5D).4s (6D).4d,e 7F,4,,,L11631,NIST ASD,m51_nist_1270_1300_raw.csv
C I,C,1,nan,nan,1299.791,0.003,nan,1300.1465093968911,nan,36000.0,D,79310.86822,87002.31,2s2.2p.3d,3P*,2,2s2.2p.6p,3D,3,,T5520LS,,NIST ASD,m51_nist_1270_1300_raw.csv
